o,d,dist
45460,35277,8.453100000000001
69603,62512,9.124600000000001
72976,43724,7.6602
42339,29838,6.4436
75727,64066,5.6743999999999994
21560,15978,3.3489
11976,49194,9.791799999999999
50367,63301,7.231
85052,77679,5.4038
10013,3712,6.8665
49519,16069,7.6364
34883,29295,3.6351999999999998
37696,68820,7.429600000000001
28301,33589,6.0747
72992,71213,2.6978
77412,60645,8.8276
30548,50746,8.331100000000001
56761,69162,4.9536999999999995
42468,54189,7.5503
69247,47497,8.9796
24417,55922,5.7012
56459,84580,8.508
64127,25603,9.9956
70603,70690,1.3213
77661,62158,7.6425
5566,8302,2.2325999999999997
9350,29732,8.632200000000001
42502,69046,8.3091
57647,45121,7.6748
56353,31372,8.4455
8358,17276,8.3769
68546,75038,7.7845
11396,16296,5.7542
50558,52841,3.2933000000000003
64186,25871,8.2828
82472,81214,3.2365999999999997
31351,23726,6.3801000000000005
39030,69112,7.6756
72451,41057,9.7164
42951,14746,9.5501
78873,75697,9.312100000000001
2975,8028,4.9115
56070,39803,5.1878
67772,75584,8.304799999999998
53699,37583,4.1136
62395,64286,3.6535
69990,44437,7.2282
79063,80851,5.3707
5582,18419,9.9268
20255,26087,6.3186
7072,14187,3.9696
37779,33913,3.4406
47057,48417,2.8338
1718,3260,8.0974
65355,59288,5.6873000000000005
73169,42328,8.524299999999998
62569,66442,9.2829
78104,44910,9.478200000000001
30935,16311,6.0198
12919,20531,9.519200000000001
53343,33437,3.5756
50073,26046,6.824199999999999
76582,65145,9.956299999999999
85344,75589,6.9785
4966,8478,3.0004
13806,27677,6.916300000000001
22494,7289,9.9557
75995,66119,4.2101999999999995
37220,30524,6.1221000000000005
70164,55970,7.4627
5242,18208,8.4558
1466,8011,2.7199
63254,48798,9.397
19973,15690,3.2817
49509,37148,7.4414
41951,46724,5.0649
31322,17562,1.1784000000000001
50157,68907,5.6182
9453,17831,5.6828
75642,54468,9.2538
80447,81743,2.2908000000000004
14731,32239,5.091
13893,30457,4.4379
83278,74417,8.6176
28761,43145,9.1938
35049,50187,6.4779
51537,76997,9.7375
55155,43466,5.8551
12239,10078,4.5217
47913,17140,3.8907
45074,32567,9.7802
53439,64140,8.9396
18122,4436,7.157100000000001
27261,42566,8.6706
73138,58098,7.5518
46379,44279,5.252800000000001
30775,17404,6.482
57731,57737,0.2117
28241,11179,8.8295
62123,64949,1.9107
30625,14241,3.6933000000000002
74739,44541,8.6531
29671,43793,9.4387
83304,82303,7.2548
43295,71883,5.7776000000000005
22247,56903,9.6793
29327,17574,4.6682
16552,34458,9.6024
67666,43198,2.7965999999999998
20942,31312,5.440300000000001
81357,73653,4.674300000000001
12654,16952,6.3673
1264,4462,0.862
47651,30722,4.9778
44069,37829,5.8063
35686,47712,8.796700000000001
13858,8294,5.9498999999999995
46787,44747,4.773899999999999
32872,40261,4.5298
19543,23435,3.2645
80282,73831,7.1488000000000005
64762,52401,7.7708
70186,63440,7.1907
62338,39568,9.1902
54696,70993,9.447299999999998
42464,43272,2.3914
25938,25854,0.6293
1970,11501,4.4288
15435,6066,6.1667
46634,66849,6.293
55748,43780,9.6403
1437,15436,8.4248
9996,8684,2.3334
39922,68578,7.6047
11576,6877,8.9918
66441,42046,4.810899999999999
73361,66705,6.4121999999999995
36947,49450,8.28
79714,70679,4.3295
58454,21566,9.647
86002,76926,3.7904
69400,85966,8.9372
38226,66382,5.2479
71114,40018,6.7096
82029,82120,1.1075
48390,50137,2.0196
42003,45857,4.4795
85699,59649,8.5179
22357,58322,6.6931
56128,31254,8.999799999999999
76187,64982,9.0436
30989,44258,7.0027
43115,30400,7.777399999999999
55044,16863,8.4932
85322,62657,7.947100000000001
68214,73615,5.4523
54831,40703,6.120100000000001
54450,31247,8.771
32111,22492,4.0470999999999995
7316,34979,8.4884
39396,45786,6.1345
18100,4244,9.399299999999998
67542,73920,5.7779
57221,75113,5.4106000000000005
39165,35625,4.2679
53867,41569,8.936
53012,13810,7.9146
10260,28955,7.0678
16289,16718,3.3510999999999997
11627,1360,7.1648000000000005
34142,67534,8.7464
11581,23931,8.6185
16809,13946,3.7483
59707,53126,5.5733999999999995
1997,18073,6.7638
6973,4945,4.0751
63421,22647,9.874799999999999
9937,9852,1.702
45128,30792,8.4921
76044,76161,0.9356
19877,22099,4.6912
26579,60922,2.0128
40849,68286,7.3425
29567,39004,6.369800000000001
64945,26045,8.7564
30563,42077,9.7638
56802,48322,6.115600000000001
33624,17326,5.0217
63099,48562,7.0378
11799,28704,8.3237
45012,39159,7.0972
39359,42150,0.31810000000000005
41973,68102,5.4932
52062,39858,5.171600000000001
47664,62568,7.7856000000000005
21359,10244,5.4102
63283,84571,5.1898
21930,38072,9.0197
30695,48502,6.6183000000000005
10864,15123,5.1136
32699,12744,7.1611
17385,11884,6.342899999999999
26474,56434,8.7645
46368,43563,4.5508999999999995
2324,10991,2.4863000000000004
12311,24514,7.8502
51956,16973,8.49
71264,81688,7.926399999999999
14737,13067,2.8550999999999997
73345,45008,7.3786000000000005
39266,54362,5.8809
12923,31777,6.3517
6911,9744,3.2084
491,662,7.6091999999999995
16544,9980,6.0662
60448,50274,7.604100000000001
40418,67565,8.4345
18713,25257,7.454
1630,1187,1.4777
76913,76590,5.7806999999999995
7799,6128,4.3052
40537,40221,4.0857
13023,24681,9.2085
32462,17180,4.8441
35500,43373,5.1668
11677,47114,7.224
79996,80127,0.925
69185,51647,5.1269
8428,8387,0.4583
23277,69344,9.7666
41819,71802,7.757899999999999
32832,21888,8.5822
37157,29186,6.1353
21472,32070,3.7309
20237,20690,1.7863
17260,14513,2.8697
48128,49031,3.9798
18898,23882,5.7525
77304,65440,3.2764
30982,30838,1.0252000000000001
83853,75662,9.2341
40475,40731,5.2409
49929,31020,7.0102
48327,15519,7.2482
50120,21068,7.302899999999999
15561,2416,7.4097
49798,56927,5.751399999999999
5255,14932,7.7842
58670,63881,8.4688
19880,13187,8.3681
17894,4432,8.6238
42778,71754,6.5065
4921,8711,4.621
66845,79761,7.718
67326,73811,6.3273
84671,59993,8.0393
40960,32695,8.0779
31158,41916,9.921899999999999
35267,56532,9.140799999999999
41379,49950,9.5179
33162,36566,5.0838
32878,29714,2.9248000000000003
19681,16600,6.7985
64437,55224,7.2143999999999995
3880,8194,6.6761
46519,43939,3.9508
78037,62909,8.8954
66736,42636,2.7143
7858,48040,9.7439
62300,54888,6.9937
84387,56680,9.0736
5543,16744,8.881
26614,52504,6.3201
17138,48749,4.7827
3498,10525,8.282200000000001
71384,40166,6.7877
70300,44947,3.475
70305,80597,6.168100000000001
29676,22638,5.9939
33001,41272,6.3853
73875,72182,2.9387
19675,7270,9.9342
3884,8514,6.0456
20468,11106,7.1893
43457,76778,9.8109
886,696,8.4971
30566,27864,3.5412
2877,6271,3.4006999999999996
58497,61512,4.9702
67199,48017,9.7204
40919,29265,8.2727
27471,36524,5.4234
17962,1537,8.0691
47825,14646,6.3943
62827,56651,1.47
60955,83994,3.4697
49205,58903,6.5068
42043,79788,8.8293
54921,42020,8.2715
18438,23488,5.1282
79168,79627,1.9283
45661,78704,8.5844
25147,26931,5.9539
54038,40111,5.2779
73775,42102,9.737200000000001
56786,48569,7.49
77866,64245,8.9506
12895,15973,4.555899999999999
45480,73569,6.6838999999999995
74280,80648,1.811
35878,51574,9.555299999999999
66666,44581,2.9033
30033,14497,6.1017
16406,18502,8.654200000000001
32091,59636,7.7636
21010,23675,3.9221999999999997
71494,39508,7.833399999999999
21345,20601,4.1852
47615,30611,3.9219
49152,29878,6.878100000000001
68200,74493,5.3067
15932,25470,7.9963
33369,28720,5.0104
51158,51408,0.7173999999999999
61618,48381,9.999
65739,68395,9.9946
81146,44742,8.9419
35799,29469,6.4401
44082,35389,5.978800000000001
43110,52219,8.608600000000001
80256,80028,0.5769
48487,32278,3.6659
68378,57620,4.1938
79205,80305,3.8907
26787,60898,3.0206
69803,78628,4.3333
29470,43865,9.1974
7839,14432,2.4574000000000003
19249,32551,8.806700000000001
27150,4360,8.9133
28032,17257,7.761
78585,43356,8.962399999999999
49746,24232,7.3934
26440,62462,6.9627
10827,2425,0.8234
32609,14074,5.4712
2921,5668,4.5165
30833,22164,8.341700000000001
80013,44727,7.537100000000001
83124,73937,5.6989
12822,7729,1.4584000000000001
50912,59879,4.586
85337,63938,6.447100000000001
67181,45940,6.4176
63839,50804,6.8967
53421,38406,1.2469000000000001
4802,4794,0.4596
25158,32351,6.3158
75328,83997,9.3299
81562,80997,0.8939
54585,67946,6.6658
43473,70054,7.4493
49523,58569,5.1529
52896,20012,8.425600000000001
15612,30371,5.277699999999999
44624,75239,9.1462
35167,54257,7.4448
81998,45153,9.5716
71319,72945,2.1605
15261,8828,5.9516
16987,2765,8.4469
2037,16740,9.258700000000001
57509,40134,5.7003
40786,53555,6.567
71096,74569,4.0559
17624,5433,9.1429
8373,15356,5.0527
48923,35084,6.0135
84726,63232,6.831600000000001
45370,46566,2.2745
59877,26283,5.1565
8299,5447,3.4159
66790,62385,8.4123
41836,79641,8.4671
35215,28361,5.9493
24998,47665,4.5331
57614,85139,7.647
67016,53918,3.9609
26353,23967,7.6781999999999995
28798,21614,9.3459
56815,48012,5.5688
39592,37098,2.5775
31203,40908,9.360100000000001
53438,45726,8.6111
53274,50966,6.5859
72407,44414,5.8215
6058,13328,5.3438
57839,57531,2.6415
56600,75451,5.8072
54701,67677,5.8449
84731,83886,1.69
51162,59347,1.5043
47163,58435,6.4167
3644,6297,1.2782
70838,39843,8.586200000000002
36884,53931,7.7752
81311,82622,2.1613
84481,83831,2.4486999999999997
46804,44028,4.3427
62106,26238,5.3533
17787,25541,6.3051
23936,52960,7.956899999999999
2464,2531,0.4938
49170,19428,9.0291
66072,84196,3.6809000000000003
253,311,2.8926999999999996
23455,25292,4.284
30535,23088,6.2303999999999995
17899,20698,5.2547
42065,37669,8.0443
13564,7773,2.0928
2039,3351,7.8464
10478,2561,6.1293999999999995
45247,35739,7.2848999999999995
84991,84869,1.1025999999999998
71676,42079,5.592
37934,59381,9.950299999999999
2652,31083,9.2626
58436,25898,4.3084
66137,58099,7.879
16545,18152,7.3085
66544,51029,8.7503
13945,37355,7.4863
79904,44222,7.8041
72123,45044,4.4845
7191,1371,6.535
44058,40705,3.7295
52909,56690,2.6513
40611,30744,6.7374
59930,38098,9.033100000000001
62265,76805,7.0761
56497,16285,9.4425
56312,37517,7.4278
33868,35555,4.2959
46796,81512,4.7948
79740,45318,6.1912
58071,75647,4.3703
3083,12073,9.4125
40199,69573,6.3008999999999995
46353,37813,8.507
59430,22630,8.1468
47859,50397,3.0622
41665,34615,7.225
36483,36704,1.4659
28632,36881,5.6561
68322,51900,8.742
41278,67992,5.396
15159,47871,6.9681999999999995
77282,65918,3.87
9888,27656,9.303799999999999
53780,34911,6.153899999999999
36731,48293,7.9237
26674,58253,2.8522
8335,9969,2.0636
38103,15632,6.7443
61814,83528,1.9930999999999999
33000,50816,6.3423
30294,12855,6.5598
5405,12699,2.905
44560,30193,8.5838
47824,38054,5.1226
39260,67149,5.9325
1417,2457,4.0104
24874,56512,6.442399999999999
61671,62063,2.0655
58159,25030,1.4062000000000001
44209,57174,8.6867
1490,7069,6.6165
67611,66740,0.9735
6188,8813,4.4735
61380,61180,3.6074
39271,68490,6.900600000000001
11695,12103,3.2994
8143,31114,9.1693
5054,8133,4.0904
24149,61290,9.4496
33804,40989,7.0447
68387,40929,7.4438
67268,40212,3.848
85565,58947,9.999799999999999
21991,14786,7.6321
54044,56216,1.6144
47153,20331,6.7966999999999995
84716,52429,8.9635
63688,64829,4.9814
67091,41575,6.4813
83974,51561,9.9315
77821,77612,2.0742
81773,68331,8.9543
55606,75183,5.7878
51025,60800,5.216
21414,22743,2.8722
60319,51271,3.9816
15267,7815,4.7572
19828,16042,5.0892
72329,76393,9.5922
6730,10264,4.529
51193,15706,8.524700000000001
14905,15464,2.7126
16745,12173,7.4883999999999995
41980,55622,9.069600000000001
72079,46700,1.4768
13785,18716,7.6902
69015,68280,3.8463000000000003
56962,59507,6.4823
67744,62761,7.6465
81609,79927,2.3979
82323,80755,2.4421
54739,37695,5.323600000000001
59589,54661,8.414399999999999
16032,22563,2.378
84439,52992,6.985600000000001
16621,19146,5.4332
64530,75457,6.9245
24055,20214,5.6005
14632,1329,9.3589
30864,39120,4.4038
32252,16306,4.2277
21862,20567,2.7153
8682,2859,4.2268
39903,59590,9.064
16502,37789,7.7686
11168,23356,7.472600000000001
82431,74722,4.5768
76404,56369,6.3871
39327,63627,9.8729
80413,45000,7.455100000000001
12177,28485,9.703100000000001
55254,58332,6.9349
73431,81867,5.4784
16446,11222,5.8332
5874,1617,3.532
63829,51661,7.621899999999999
39657,67101,4.990600000000001
10948,13852,7.2275
37946,15623,9.2058
27348,32300,7.781899999999999
79843,46769,3.6881999999999997
4946,6154,2.3749000000000002
25748,56236,9.694
54407,36268,5.0826
46075,70233,7.3467
21839,47132,4.0546
55489,35595,7.3232
34303,44019,7.4341
10263,29309,8.408700000000001
3119,28487,9.775799999999998
54749,35012,4.6171999999999995
36693,16723,6.8728
73575,57475,8.2881
55620,31289,9.41
68343,62671,7.8833
64333,26069,7.8408
36113,30824,4.9463
41048,49442,9.480799999999999
72612,70947,2.321
52123,31563,7.4576
57780,65854,6.1093
84024,27084,5.1254
43786,38595,5.6829
24551,52764,5.219399999999999
298,165,4.953399999999999
58252,56502,4.9182
53626,33548,3.6290999999999998
9992,16739,5.6133999999999995
84593,62476,6.869
72744,66482,7.042800000000001
26183,48197,7.246
62729,63697,2.7998000000000003
59426,63721,5.6567
85564,85478,1.2370999999999999
13232,35472,9.2198
22233,48676,3.5098000000000003
25086,39993,9.74
76405,78105,4.4782
24723,18799,7.0022
57506,17359,9.9269
4341,11191,7.4497
1432,18775,8.6673
31866,17204,2.8947
70735,79444,3.9272
53951,75545,7.5267
23313,19241,4.777399999999999
38894,51521,7.7254
74441,67895,4.8723
31250,31435,1.7432
43557,37725,5.6006
24522,31947,5.521
5468,15441,6.0921
14133,37642,6.8187
68718,57045,7.0732
61410,60572,3.1341
9995,13513,3.0999
6889,12166,8.363700000000001
27421,6519,6.7169
23352,22565,4.908600000000001
75649,77913,3.6462
84491,84965,1.8439
25239,60691,7.404100000000001
82932,79806,4.3615
47208,57857,7.9405
64857,65588,4.8068
78837,82999,4.1701999999999995
30870,28247,3.9608000000000003
37560,14393,7.4463
27952,47463,6.947
45515,30789,9.8898
32820,34688,4.0697
6371,11938,7.4673
76229,64994,7.8971
2418,5794,5.4276
72280,55544,9.798
1536,9850,3.9061999999999997
22543,67021,9.5575
44385,49846,9.219899999999999
67791,67028,3.3232
31452,55670,7.6126000000000005
10427,9745,1.9618
35467,47366,6.8041
672,529,5.9062
73065,44791,4.1798
77711,85558,1.5808
56620,55661,2.7586
27070,61945,4.331899999999999
74735,69306,9.696399999999999
19452,20208,2.0039000000000002
32341,26016,6.868
59373,24367,5.5253000000000005
69848,75922,6.3511999999999995
66885,57805,6.0421000000000005
28251,53159,9.226700000000001
24658,59925,6.2268
5224,30057,9.3377
65351,56768,5.1613
41926,40242,4.8016000000000005
34141,28517,4.697100000000001
53662,49542,2.1839
20168,16017,6.9495
25438,23857,1.8534000000000002
62976,56277,5.0963
51024,21427,6.086
24429,32764,7.6031
14896,20344,9.725299999999999
48062,29605,7.888199999999999
68862,39466,5.5309
4220,3155,1.6037000000000001
80501,67329,8.242299999999998
11412,4753,8.735700000000001
11181,1882,3.2851
5462,7303,1.8449
76828,52201,8.7994
76708,74679,7.6339
53035,39904,2.4909
26785,60773,2.7939000000000003
33328,50873,5.4701
8474,21205,7.3877
6868,10751,6.6389
46942,45516,3.2218
49204,66689,7.802899999999999
5307,20956,9.7564
8363,2625,5.5531999999999995
55921,78150,9.9465
79213,40606,9.425
2730,16633,8.4668
23602,48827,8.288
52032,24500,6.2334
7809,29798,4.9482
63580,69752,8.3974
9245,11802,3.8756999999999997
57113,69854,4.9402
19044,19719,1.1625999999999999
30904,35811,5.2892
24990,22525,5.0569
11785,32941,9.4035
42501,54343,8.1857
64421,61127,5.723
47039,38529,5.5664
16523,48005,5.7805
82675,69816,5.6387
42357,35711,4.2808
48782,34435,7.2116999999999996
23044,13604,6.752800000000001
51896,62073,8.6413
52840,61253,7.4557
34076,35089,1.6084
53713,41330,9.133299999999998
54363,34077,9.3614
48272,56852,6.057600000000001
46439,81191,8.4839
24473,15273,6.8987
60186,77276,7.8987
42244,14273,9.412600000000001
19519,11155,5.2636
83557,83950,2.1822
75759,55566,7.561100000000001
68268,80063,8.1047
55766,67137,5.2025
50832,65932,9.626700000000001
54898,36205,5.8827
28397,48729,6.6621999999999995
74653,72977,2.4595
61899,48551,9.790799999999999
3808,8706,6.9148000000000005
48445,56132,4.387
20039,19690,3.3435
15926,58301,9.5854
69586,51568,8.5882
13849,8792,6.7661999999999995
65121,26315,8.5225
53196,42862,7.8993
81226,81128,1.7944
79229,66732,8.0182
12505,50263,7.6715
76810,65930,5.5786999999999995
36352,27545,4.9382
40823,31376,9.3322
12263,11565,1.9775
49922,49118,1.4116
35420,52171,7.4669
83612,64947,4.7525
76485,73782,6.016100000000001
60856,85303,6.7033000000000005
77411,64007,2.4676
24320,55701,8.2828
77921,55548,9.879700000000001
35681,47008,9.8262
70610,45575,2.4613
73204,66817,5.616
16581,32145,3.2462
8304,15905,8.0385
17768,19279,3.744
37557,12858,8.451799999999999
83320,79763,9.7711
36550,70952,9.674299999999999
16280,17754,7.0572
68863,55677,5.374
86118,64408,6.485399999999999
77310,64946,5.0251
22879,60084,9.0059
13007,34594,8.8642
82415,81669,2.0514
50885,52356,1.4223
70672,74437,3.8718000000000004
78266,70042,3.956
74964,63735,3.0579
30401,57419,9.9863
61954,62762,6.8002
71415,79658,3.6336
78981,72691,5.5173000000000005
75760,68814,6.1455
31302,28098,7.0758
40319,62734,9.3535
76088,79075,8.3
39805,52283,8.0132
30423,7357,7.6631
59220,48044,6.7868
56681,53406,4.3984
20002,29306,9.3282
36125,42227,3.4846
75598,68262,8.334
27193,23141,8.422799999999999
19936,22177,3.342
21331,28651,7.307
47512,42735,8.369399999999999
58430,54594,7.5463000000000005
44918,45215,1.7403
53435,37611,3.204
44690,36561,6.0648
84418,66233,6.1706
77653,70262,7.891
54688,50658,5.4007
84292,25949,9.510399999999999
64224,69466,8.674700000000001
37323,34301,3.3971
17189,25521,6.7633
74927,84539,7.3778999999999995
31566,39723,6.264399999999999
47373,55680,4.7722
20233,15933,5.45
83973,51268,8.514
32324,28821,4.4959
17352,38810,5.885
36960,34610,2.251
35393,17282,8.7216
22717,19965,4.522600000000001
46443,41269,6.8491
47123,9750,9.2981
59903,37687,8.5546
22617,21947,3.6586999999999996
53051,50583,3.8049
12594,9138,4.9205
43489,49558,9.6865
66428,68299,3.4036
581,746,7.472300000000001
34513,54798,6.883
71729,82223,6.2829
69081,75361,5.562
25746,58232,2.8085
71838,70963,0.8425
60787,61438,1.8904
16635,38207,6.0726
55021,52023,5.796600000000001
62111,60655,3.507
55956,30505,8.776
6159,11710,5.848
1028,4589,7.1546
48879,18890,8.4076
8058,14104,8.193100000000001
8165,7429,6.1197
79373,82411,5.2566999999999995
15143,8039,6.697
20787,10984,8.728200000000001
45502,78954,9.3275
76666,73495,4.4074
84001,63474,8.8584
28746,28177,1.635
7048,1066,7.1773
72758,70433,4.5287
6886,31005,9.6144
68072,49297,8.5404
83144,78453,5.8826
81284,79427,3.6361
10441,33674,9.3676
78141,46577,7.3601
79555,45227,6.0463000000000005
18586,19734,3.4686999999999997
72877,57641,6.1064
64137,26393,8.0169
50200,54774,8.726299999999998
78447,69995,3.8310999999999997
56969,25056,7.034
18878,15750,3.6161999999999996
85214,64587,2.919
47608,49576,2.399
7884,14531,7.7364
59316,20918,9.1718
16410,25052,7.8871
81875,71039,5.8806
62738,61312,8.1253
7295,31309,7.7528999999999995
69897,57323,4.5588999999999995
21631,33559,9.3824
40107,29747,7.3568
46917,66823,8.113199999999999
55931,67007,4.6693999999999996
36656,69468,9.7325
85271,65197,1.593
40182,62840,9.6081
41035,67001,6.331600000000001
83161,74155,7.4321
80379,46846,5.0038
4044,4020,4.4767
54664,17480,8.6035
70156,73481,2.647
5880,16930,7.7595
256,397,0.54
30173,37676,4.4611
27846,35526,4.0136
58338,18724,9.7486
2726,21559,6.4545
45817,42618,4.1831000000000005
21694,15832,2.816
85704,61756,5.307
6138,28089,9.8294
76167,54212,8.9021
33247,42446,6.2213
11794,17305,6.0088
51466,66612,9.792200000000001
17156,51570,6.235
13119,31677,5.1223
41771,34020,6.679
32722,17319,3.8762
52190,31761,7.7305
61826,75952,9.8256
17527,29717,6.600899999999999
35523,50080,6.190300000000001
48660,16961,4.0029
42188,34265,4.1547
51409,21129,8.063600000000001
50908,69366,9.0991
51855,51837,2.3189
78132,70058,3.2293000000000003
69415,69094,2.3819
29891,35258,3.0425
56639,69658,8.5005
32886,49482,4.3407
10124,6074,3.395
16956,48741,4.4225
30253,28280,2.9738
66505,43117,1.4902
375,470,3.708
30462,22079,6.6152
60459,23252,8.1185
80060,46811,3.5168000000000004
18179,32274,8.3835
17951,1525,7.7035
9088,20546,6.9994
449,181,2.9073
47038,26217,8.110100000000001
8712,6592,6.3433
60690,56425,8.3469
62157,59436,6.717899999999999
48294,58728,7.589899999999999
17544,32218,2.7561
10614,50556,9.8575
48877,25080,4.3942
56493,69106,7.9387
16246,47296,4.586
71072,71646,3.1207
11986,23131,6.9218
55244,32656,7.1078
36302,53481,5.564
38106,29138,4.345
79414,71634,4.5477
41627,67147,8.1185
21867,14694,6.9323999999999995
13064,36638,9.7202
7076,29909,7.5474
6709,9164,7.0183
42017,43404,3.925
78484,68319,6.8304
38091,39570,3.9395
53090,58587,7.6495
54961,47456,6.9387
40127,52728,7.1636999999999995
18740,31886,9.6398
44650,67135,4.5842
8379,19063,7.3984
64248,62558,4.6642
64136,50419,7.292800000000001
70979,37672,8.3699
36329,41469,2.101
61484,51316,7.1432
83737,84601,2.8085999999999998
27177,3875,7.9241
33874,37617,2.1418000000000004
82000,82642,4.9993
26810,60596,2.5113000000000003
36489,70892,9.3523
86031,63655,6.9044
46707,41964,4.9953
76174,62489,6.3679
4627,9906,3.0132
78475,71931,5.6905
76841,60244,8.958200000000001
27729,15793,9.6782
50904,51296,1.865
19900,20667,2.0425999999999997
32877,12027,8.8463
31638,53011,4.3828000000000005
57466,70148,5.514399999999999
69626,72425,5.8876
4591,31042,9.6031
1788,17981,6.0221
11990,11550,3.3171
56531,62758,2.0504000000000002
2929,3003,1.5977999999999999
53424,44452,5.3825
77176,77970,1.9274
23938,16936,7.567399999999999
2357,20486,8.6943
46149,40697,6.7791999999999994
38730,32232,3.8110999999999997
72901,54495,7.2515
78743,44694,9.081299999999999
47252,10187,8.3886
53652,63276,7.2113000000000005
15379,21157,4.3805
56735,22805,7.2847
31156,36950,7.7886999999999995
40796,54070,8.2742
76946,59626,6.7088
32302,52771,7.4438
42133,70909,5.7176
37452,62669,9.1229
54441,36779,4.7491
80090,79613,1.6337000000000002
1985,16100,9.7519
55688,70231,8.262
61750,59120,3.5163
69474,62626,5.3792
52248,75420,8.507100000000001
13101,48001,8.4741
23997,52253,7.7576
82001,72216,5.3102
51349,33858,6.2723
21821,14453,6.5802
78247,69425,5.5872
8347,11512,4.5268999999999995
62939,58217,4.3328
5476,19221,9.4306
28051,28234,5.4228000000000005
1234,5608,4.5915
52768,47156,6.3869
28240,40771,8.4294
42354,38887,2.1712
53881,19889,9.7295
67171,51565,8.079600000000001
5441,2930,5.2634
5021,8787,5.6669
50184,47116,4.9266000000000005
834,700,5.4275
15732,16090,0.3492
50676,58532,3.2494
38258,25804,9.9033
7563,12569,6.541
63884,54157,8.170399999999999
75502,69409,3.3081
18466,10634,5.8771
72715,72688,0.352
42591,45145,2.6953
15825,14888,5.4607
17747,20103,1.4802
60792,61458,2.7676999999999996
47477,54424,5.7878
30698,34768,3.371
82108,73147,5.8804
75411,67480,9.4566
31165,19709,7.7115
36107,35536,3.1573
151,242,3.6772
33394,37587,2.7398000000000002
16103,2536,7.9458
2886,8250,7.4615
54058,66304,5.122
71010,78200,6.6423000000000005
67233,43099,3.165
18556,5180,9.634
9567,4733,5.0394
46936,78634,7.2454
46605,42832,6.1805
47227,9608,9.267
20765,18574,4.0906
52918,32488,9.430399999999999
69399,63294,5.9418
7418,33619,9.9658
78599,75797,7.9268
78996,81893,5.4276
6989,5977,2.5719000000000003
15953,55652,9.7234
37935,52142,6.9366
63091,64144,1.2083
18115,6173,6.1151
70438,81959,7.7485
48174,25805,5.5148
14898,35110,4.8549
17849,11728,4.2168
42866,56079,5.3229
64216,53310,8.418700000000001
52040,47965,3.5454
85845,85684,2.2293000000000003
34599,35559,1.9818
16228,47548,4.5034
42439,48667,8.293
15626,32702,5.8068
52910,65213,7.1168000000000005
166,261,3.5545
44993,53447,8.7704
6506,1755,7.6301000000000005
26293,60998,2.6751
4571,27384,8.928
15538,5701,6.7486999999999995
77047,55992,7.4553
74139,68904,7.586399999999999
89,290,8.4284
22864,10526,6.8599
53615,58112,5.0901000000000005
7577,14331,3.3328
47069,62751,9.338899999999999
6356,10690,7.7205
10393,27120,6.1587
5090,12217,8.332799999999999
65277,57727,5.9965
30247,32967,2.488
59062,33134,9.8087
60284,24977,5.0795
50848,67188,9.1454
74498,57663,8.8144
81140,75181,8.4393
27928,39049,5.597600000000001
21421,19252,1.9359000000000002
24386,51423,5.0991
81122,68489,6.534800000000001
7486,13428,4.72
15072,11543,4.3742
70215,62567,8.4889
7808,3494,6.5495
40825,30795,4.886100000000001
20634,11387,6.3708
8407,28731,8.9306
51949,66560,6.1048
10045,14688,6.1323
2862,16369,8.7346
76007,57480,5.7335
76046,68075,8.6441
84598,26611,6.8252
49356,42675,8.9856
33707,44849,9.0619
65997,86055,4.0661
10467,9270,2.0656999999999996
55421,49420,5.973199999999999
18212,4972,7.9802
61353,51431,6.586600000000001
13235,15495,2.3155
56233,19736,9.5347
37607,42950,4.395899999999999
31444,41251,8.1842
30675,34360,2.3905
5622,29357,8.0579
3651,28325,8.199399999999999
40469,54467,8.9756
42164,68734,7.5428999999999995
44889,40184,7.6267
20262,59620,9.767
72860,38866,9.1724
10345,15308,2.2971
64584,55104,9.0591
86104,63924,6.7382
73630,69507,7.6311
62515,23461,9.860299999999999
61539,77696,7.1724
60045,77318,8.5717
24469,20471,3.5650999999999997
17047,33751,4.3227
72151,44054,5.7454
14024,1984,8.3141
28180,3074,9.138200000000001
32270,37908,5.0055
43839,74883,9.9155
83450,83298,6.4703
45819,57674,7.7471000000000005
61636,62051,1.2983
59315,19793,9.3889
2087,31295,9.7134
83292,80240,7.1141000000000005
44799,66988,4.7858
495,647,6.600899999999999
63850,65883,3.8178
42453,69340,7.963100000000001
11792,10999,2.205
82903,75413,9.6554
37756,15611,8.4973
76006,65777,3.9169
20037,50473,8.4136
29626,42761,9.0647
32466,50526,5.7951999999999995
38000,36245,4.3138000000000005
26431,65994,8.1446
67682,40913,6.3103
68603,35171,9.9716
72049,69830,8.3331
84126,62029,1.9506
74165,75040,9.939
68849,72761,9.6673
74606,68054,5.5435
12742,27548,6.551399999999999
35633,27976,1.3668
53686,70060,7.985399999999999
18980,7724,8.7055
48930,47292,2.3413000000000004
54306,58004,2.8922
42136,43996,4.4223
4545,13770,6.1111
47674,50182,4.346
73497,55381,7.6423000000000005
28928,41590,9.595799999999999
80640,79500,3.7085
63619,49338,8.7729
5352,33905,9.7096
31227,28764,2.7473
28410,35239,6.152
54412,30379,6.6137
68414,43892,6.3691
55451,31436,9.2141
44207,41810,2.8381
34423,40990,3.9637
66763,39943,4.2839
35546,13908,7.9781
15460,9179,4.894399999999999
54217,63817,7.2473
42002,44404,3.8931
65827,55083,9.2522
41443,69104,7.8676
47202,40219,8.5793
1225,11783,5.5025
29734,21234,7.1027
42417,54375,3.8858
52439,58517,1.2230999999999999
25063,24128,4.238
40142,38522,2.1135
75630,69006,4.595899999999999
4014,12178,7.6261
48914,29834,6.198
52057,75007,6.6887
79869,43662,8.9671
34341,29873,2.8441
71669,78892,6.9944
54891,38505,3.3133000000000004
39937,38669,1.4894
57108,23676,9.7085
75533,69873,3.8309
84182,85227,3.4119
28610,37324,4.2063999999999995
76299,68160,5.5788
76308,64658,8.9229
14210,19465,8.5202
5193,1095,4.5746
62741,21985,9.4695
46741,81453,6.8356
51704,20266,8.1181
64123,55535,8.880700000000001
62010,56468,6.1224
81145,70268,5.833399999999999
57623,38160,7.5748999999999995
39428,45845,6.786899999999999
73854,46687,7.118600000000001
9372,17281,7.3134
31908,25795,8.7326
33142,62364,8.6311
11866,21526,5.8135
34867,54253,7.3981
80357,46271,6.339899999999999
83679,26118,7.753100000000001
17135,25596,8.0553
55910,84091,8.1443
59390,48499,4.2456000000000005
12309,8707,4.6243
37275,49491,8.318700000000002
78835,66828,8.2005
55128,24220,9.9025
21449,25919,6.9269
25145,21392,5.7092
23555,53650,8.8947
64094,52967,4.2186
62155,62663,6.3683000000000005
568,738,8.9393
62307,51184,2.9901
15972,32533,6.9618
25160,16156,7.0626999999999995
53749,69010,5.181
9233,6440,3.5733
4828,9454,4.0366
11289,19182,3.7185
82739,75286,9.9722
84207,66225,6.091399999999999
15507,35247,8.231200000000001
30422,49120,5.5791
64921,59447,6.256
64482,52365,6.0183
78908,63866,9.639
27949,31044,6.0588
6470,18210,9.3156
38308,69428,8.2259
39705,51093,9.613700000000001
58703,33472,9.7985
70565,76482,7.3747
41849,55283,8.681799999999999
58104,41241,8.5878
35594,32562,3.2019
48277,59997,6.2736
29101,30183,4.0407
84966,62585,6.682300000000001
18723,12473,3.8156999999999996
55754,76568,8.2399
62014,64875,1.2702
67599,67798,0.6434
22151,28665,7.7151000000000005
57842,78697,9.8736
57336,22657,8.664299999999999
85886,62841,8.2452
2852,6433,9.714799999999999
55908,48526,3.0739
23610,22061,1.1276
49308,49729,1.8069000000000002
30126,29823,0.4978
31338,37194,7.9491000000000005
47567,21535,5.7088
39007,51308,9.2407
86216,83055,7.696899999999999
1913,10486,5.088
48195,50461,2.3415
66308,40584,5.432600000000001
17998,18147,1.3635
61504,85055,4.644100000000001
51557,32915,5.984100000000001
17554,55095,8.4036
3980,4111,4.6819
6083,1068,4.449
11199,9076,1.5042
35224,55858,7.559399999999999
82279,80288,2.1006
33995,31188,5.3309
31817,54775,6.445
30626,22936,7.4965
53129,29320,7.6323
44471,39613,4.731
50155,24715,4.0477
72913,78737,4.6467
26122,50701,4.217899999999999
80190,73877,5.9196
25733,59022,3.8564000000000003
85857,62069,5.8971
5328,29949,9.6396
54532,35542,4.8849
65509,65437,1.3336
70914,68783,6.198300000000001
39228,36630,2.2868000000000004
86182,66198,6.509399999999999
58989,53246,8.0053
5169,15422,7.3717
56565,26970,7.0833
9728,32626,8.3424
4451,6282,8.1122
83597,25997,7.2047
5810,2090,4.5495
39577,36038,3.7746999999999997
79747,43699,7.9238
26091,25100,1.3979000000000001
83156,80646,6.7054
20869,19723,3.3131999999999997
33643,40920,7.8776
5963,18784,9.468
57632,64331,6.4367
22118,30053,8.9879
50247,51389,2.9408000000000003
83158,73327,7.4621
63794,69141,7.632899999999999
20904,21265,1.505
80763,79193,3.0721999999999996
56747,65775,6.1698
49252,16180,7.1814
79312,42719,8.4147
44374,32895,7.581
69280,60090,9.032399999999999
85093,66058,2.3978
19478,9158,6.213100000000001
72031,74877,5.765
85073,77684,5.9743
29929,33785,5.2575
84560,26126,9.772200000000002
25122,61886,8.0084
4709,2128,4.2815
57294,63053,6.5884
31634,55549,8.653799999999999
16998,10118,5.285699999999999
81,255,7.2837
84622,52608,8.1897
68921,47840,8.1069
51129,63537,6.6765
80639,81623,2.5735
64217,84247,2.6848
70584,72349,2.53
21593,10590,6.5013000000000005
25915,50015,7.426699999999999
60881,61189,3.3219000000000003
11720,15969,4.1558
21699,19039,4.4144
17113,23814,3.8156
55265,54060,1.8456
16335,38909,8.8024
15795,27136,8.3989
5571,8586,1.9690999999999999
81939,70674,8.2392
57184,43066,7.3037
69101,79830,8.3453
79433,41175,9.9703
69253,51930,5.2348
26095,51523,4.9704
43237,53644,7.392399999999999
72307,55354,7.6491999999999996
41605,67686,4.681100000000001
35684,67454,8.045399999999999
15233,47059,5.4831
42872,17265,8.8847
82554,79143,7.856
40210,46453,7.9241
27585,30262,2.6652
17728,22373,6.0512
45283,40844,4.9832
56292,34795,9.7111
79237,82209,4.661899999999999
32611,42499,8.2364
23375,22841,2.9669
31350,35789,8.552100000000001
35296,42622,4.8716
28576,37868,6.3317
74516,66614,7.0138
57190,45096,9.628200000000001
10369,20167,8.9237
39961,54826,1.6362999999999999
33796,53702,3.045
30255,35697,3.2109
75879,67321,7.649
29750,12370,9.157399999999999
78089,76052,4.727
61105,51114,6.4452
45313,69189,9.9336
16290,11426,6.134
78957,46702,8.1503
5583,1361,4.9113999999999995
40506,57281,9.4822
10534,6627,5.6696
31754,17044,1.3539
61595,64785,1.9018
78211,80533,6.7116999999999996
82868,83297,8.952200000000001
64255,61263,3.969
67790,78269,6.4043
38453,49473,4.6078
62611,23626,8.5544
33790,42722,8.1149
84482,64618,3.7779000000000003
84885,58063,7.9337
57848,67134,5.6032
16238,25613,7.8159
74030,71524,1.9539000000000002
35597,36515,1.0207
52825,49702,3.7011999999999996
66085,62068,3.6541
5223,9843,3.3873
54880,56057,4.0804
82777,72984,4.7833000000000006
43909,46835,5.567
80323,79759,3.2066
73823,46734,7.2305
84293,83928,0.919
3538,14547,8.5045
12499,49902,9.5784
68802,70052,4.5802
37101,31145,7.266
73119,73814,2.1151
49554,14791,7.6795
28261,28265,0.7327
77180,69109,7.8383
46323,68555,4.1042
79008,76495,6.4206
38129,49646,5.1704
12184,31108,7.901
35935,45586,7.630199999999999
34916,13447,8.6292
53332,51366,5.3056
1683,13522,6.537100000000001
8116,12510,5.8602
21892,28455,8.3613
33604,69369,9.7384
32283,40126,6.3198
39643,36800,1.5980999999999999
61163,56932,9.7101
28090,54544,8.9381
44551,44600,0.3237
43158,47653,9.2183
30998,23271,8.8862
27399,4596,9.4885
80342,79880,2.9941999999999998
69604,54758,5.2679
25558,64072,9.9806
25255,58785,5.6575
7905,15084,7.312399999999999
31556,56704,9.3256
44151,70036,8.375200000000001
54035,26627,9.913
38896,69210,7.7287
85695,26990,8.9122
17531,9722,7.8611
17950,31306,9.305200000000001
607,452,6.3286999999999995
83808,59591,6.1611
10931,7848,8.3275
35029,31768,5.7101999999999995
27485,38941,6.4189
28630,48447,9.257100000000001
18501,21828,5.0397
62086,65416,5.1135
51567,54010,3.1628000000000003
580,325,8.4504
2603,18220,3.5456
52833,65234,7.3513
9708,10744,4.3371
64868,85450,3.1983
16861,25724,9.7854
17357,27473,7.081600000000001
80347,72698,3.4418
61765,66263,5.6273
70334,80630,6.5785
59918,52448,2.2335
75074,51524,8.3489
66664,63996,9.7616
82021,71458,8.5812
62759,53431,6.2562
64344,85764,8.5189
80350,68498,8.619
36355,7725,9.607899999999999
28101,32495,5.1858
68471,53592,7.6762
11370,18452,3.164
76579,55477,7.057600000000001
149,389,0.1943
11661,11587,0.4756
43857,68479,3.9132
64222,56291,6.486
84029,61476,2.9865999999999997
56286,67807,7.3361
57211,48626,6.772600000000001
11995,22278,5.2085
37146,45795,6.8646
7965,14196,8.692
33817,15329,7.0266
41479,66975,6.8406
83455,83443,0.6273
57455,53338,3.9891
12441,18215,3.4314
3039,2140,6.9634
63022,67120,9.6311
35998,57382,8.9523
75749,52158,8.5906
85763,64491,8.3158
8173,10571,4.1972
71093,76185,8.4451
57433,30596,9.5181
72305,39620,8.829
54935,46091,8.7754
72873,41016,9.2765
36424,46017,8.0292
48554,14975,9.61
67787,72696,6.184699999999999
57287,68273,4.9233
61943,55800,7.7892
21371,10714,6.7153
49699,57053,3.8651
78233,72152,8.0063
80956,45531,8.190199999999999
10425,13051,3.0054000000000003
25225,48536,9.444600000000001
44667,55337,6.9845
35220,34041,1.3762999999999999
22619,25753,7.2039
7683,30085,6.6327
13351,15244,1.0934000000000001
39467,66933,4.8884
23208,50481,2.5764
82361,82973,1.7322
76812,68439,7.4049
63295,59519,3.6531
2430,19654,6.5241999999999996
57830,70314,9.739700000000001
15343,32253,4.985600000000001
51482,25188,2.2814
42733,27837,7.9677
69477,77987,7.0828999999999995
41851,71613,8.507
83955,59277,7.687399999999999
31276,36525,8.3132
25592,21829,6.1188
55345,58420,8.2823
54297,29115,9.406
32926,33567,1.3415
20790,48620,9.7155
58347,33401,7.306100000000001
77450,65079,4.2057
46998,7249,9.7813
11005,10255,1.2606
44079,49050,9.6212
13506,4908,6.222
65600,60944,7.2703
65266,83656,6.1342
25349,24084,2.7632
4585,15004,6.8695
69167,33433,9.5068
18865,21019,2.2361999999999997
42780,36162,4.611800000000001
54647,52744,4.4948999999999995
72370,41887,8.412
58644,23241,6.417
23261,13414,7.527699999999999
43719,34155,6.7108
77214,84090,9.582799999999999
30281,15219,9.396
76891,71616,6.6253
63529,50106,6.2718
18796,19137,2.9095
9965,31475,9.1324
23872,53964,7.6226
77323,85295,5.8785
59801,64488,4.1555
11152,21672,7.2538
83383,80368,9.8051
33102,69605,9.7505
35046,7550,8.9754
63127,56485,3.7884
41134,40372,9.206
54715,16774,8.5219
74811,46128,6.118
49164,19980,8.6595
68486,75425,7.2581999999999995
38412,52490,6.6541999999999994
3290,5908,5.1551
16628,31878,2.565
83471,83332,6.911899999999999
22402,35154,9.298200000000001
64139,69869,7.7438
62171,56295,9.0029
52568,60759,5.327
65925,65713,2.7146999999999997
83614,66242,6.8888
86200,65279,9.621799999999999
29993,41476,5.5331
29833,31738,4.0128
85010,26646,6.5851999999999995
49443,23115,3.7166
81723,68584,7.6555
63886,49967,9.1934
68984,60164,9.4728
9172,7399,5.5782
21793,10329,8.1439
14395,14046,2.3828
61035,55752,8.9097
17512,31924,1.7784
30484,36568,4.6823999999999995
43292,74867,9.8011
63877,75383,1.9257
74243,72458,1.0993
3209,12843,7.6871
29473,50981,8.2508
71113,37191,7.9978
61531,62543,4.6808000000000005
19886,8530,8.2765
18158,1191,7.998399999999999
1443,21015,8.875399999999999
45470,46575,1.7415
7539,31868,8.3062
7150,18334,8.5163
2016,13701,6.8488999999999995
32193,54177,5.860399999999999
17700,17851,5.0146999999999995
11644,1396,5.5623000000000005
40835,37591,5.3201
85101,59888,7.7485
12514,9658,5.8326
81098,45666,7.8755
80961,66706,9.859200000000001
15736,25050,7.3675
25567,47206,7.7933
70986,80870,4.3152
75347,64403,5.4478
27738,38395,7.0963
17765,20342,1.2303
49983,66613,8.0505
17153,27872,8.8873
69179,56145,3.9545
52292,51293,0.6253
67381,45360,7.5905
54708,43835,6.595
69563,58011,3.3464
54390,16437,8.5302
70249,82641,5.7826
14039,47652,8.074
5654,15035,5.0095
78916,79242,6.3146
5404,27806,8.8584
70502,45645,2.5539
65246,61003,7.2498000000000005
20937,20101,5.3274
70465,35178,9.9483
54950,50995,7.7106
44170,33717,9.8591
6313,4599,4.5233
40133,48636,6.6658
47274,28696,6.4221
52659,58890,5.2551000000000005
57901,66044,5.6327
55505,75483,6.5617
21054,15987,2.4058
47438,28062,6.9035
75977,76974,2.916
55785,33263,5.980600000000001
67428,65986,9.9735
16778,36137,9.2835
85234,26884,8.5462
64640,65665,5.3635
47703,43116,9.0166
56083,33530,5.2242
40154,49310,4.8825
43607,73116,7.2283
15466,20588,7.4581
26469,17533,9.8241
55479,49560,5.6617
60236,76061,8.074399999999999
18429,11061,5.113899999999999
25365,22583,8.1335
81221,80066,1.9115
11287,23552,7.594399999999999
72237,55556,9.2942
17999,19773,4.1673
43187,66962,2.8139000000000003
81629,46866,4.951899999999999
58766,23528,7.3618999999999994
73178,77825,9.9309
50253,61930,9.3117
12284,20034,4.543
75568,76680,2.4387
84305,59979,7.9132
83461,83319,6.6944
13705,24550,8.0498
41257,39236,2.998
1538,8488,2.18
66785,32988,6.9295
23518,56569,9.101700000000001
39531,39229,1.4
84718,83931,2.0227
73130,57445,8.0687
852,941,4.5038
9975,10587,2.5809
29934,13615,8.3902
1088,13368,7.7701
49424,40858,9.8146
85737,64665,6.4476
59442,50469,3.9871999999999996
12535,10185,4.5767
80720,67162,9.0355
74345,76626,5.5607
73966,81332,3.6812
39073,37991,0.7765
44823,74434,5.8251
70830,41067,7.0923
25461,60817,6.514600000000001
60960,64430,5.492
55273,37020,7.359100000000001
77948,84511,8.6855
60836,25951,4.7199
43846,66674,2.8017
44239,31806,9.6532
58735,49189,7.647
75541,65505,2.8529
6660,2875,4.5996999999999995
15923,38147,9.4049
12907,11823,4.6628
7654,4743,5.0099
5628,27590,8.608
67060,77285,8.1434
20646,47098,8.279399999999999
67842,78662,8.1167
11408,16750,9.1815
46019,74471,5.6627
66336,49066,7.3088
15658,47629,5.82
18049,50211,9.4985
63282,85603,5.2571
82864,45630,9.809700000000001
10461,8936,2.7925
22207,59192,9.6545
32165,41356,8.8813
70731,80757,5.8101
2355,11104,2.3857
38617,62432,7.3168
70782,67465,3.4551999999999996
43678,50194,9.9015
69195,76763,4.5072
33716,37804,3.8999
48559,34508,8.906
32102,41510,9.5445
55382,67458,4.5521
77584,85079,5.4608
60914,75339,9.8211
10419,4834,5.034800000000001
41554,73220,8.524899999999999
45988,41694,6.7865
19996,50646,6.7347
83440,83267,7.2225
84693,56394,8.729899999999999
838,811,1.9718
30186,12948,6.6841
32522,51005,8.0635
78385,78862,2.1033000000000004
21483,2723,6.8622
27521,29345,2.7617
17795,25691,7.403
2778,4582,9.0202
79173,66347,9.5572
29351,53456,6.4348
51283,17080,7.1975
80041,44411,8.175600000000001
57809,53227,5.3973
39751,38569,0.8496
26750,65617,9.8954
72552,69856,8.1163
46089,76510,8.9858
85486,52472,9.2404
32328,23773,6.9041999999999994
59038,58010,7.998399999999999
18979,28209,9.9615
34926,16379,7.464
23170,34771,9.063
37272,42284,1.1054000000000002
44442,56714,8.478299999999999
81421,45614,9.1435
51533,33141,5.158600000000001
9846,9962,1.2819
780,631,6.5925
64726,65794,4.2188
2796,20402,5.5701
62116,52513,7.601
65131,51388,9.2683
14963,2821,9.6258
21517,50048,7.1581
27241,15242,7.318899999999999
5978,10010,3.4857
8521,1989,3.2214
70769,73882,3.2236
28514,29877,2.7641
78978,73853,2.3706
46262,70792,2.717
69034,62853,5.658
38517,35390,3.4084
46853,57451,9.976700000000001
15458,12533,2.9898000000000002
35462,29106,4.8136
53762,34918,6.1652
36039,48321,8.5863
19642,16555,7.035
22875,28793,7.7295
28103,49714,9.6794
60636,56670,7.4525
64436,83730,5.889399999999999
69864,75954,3.6515
53900,62321,3.6555
39991,44870,8.4661
57465,44995,8.4835
9382,14139,5.6063
23333,57296,6.8265
27179,11758,9.0179
38780,49474,4.4303
63611,84145,7.5032
14863,32157,3.4745
64556,61864,3.4924
71629,78647,4.0333000000000006
16261,16396,2.4505
82661,81217,3.109
39855,59648,7.1867
20073,51178,8.6124
78261,72883,3.4791
32105,48297,3.4731
49397,60351,6.9123
31555,32479,1.7349
18442,25307,9.2887
5651,31821,9.046299999999999
69282,62114,9.7676
59815,20730,9.1709
38206,14872,6.608
68408,81546,8.9677
54837,62641,6.4271
70101,49085,9.429799999999998
4306,8221,3.8233
70605,68661,2.2604
13525,6147,3.9763
29769,27737,2.9875
72461,40973,9.9421
67211,31612,9.7406
68225,52657,8.9605
77222,85834,4.0496
49991,75236,9.5594
84188,85992,6.6215
64527,85128,4.6149
13872,2767,8.7958
12713,21703,9.4037
60145,25529,5.7778
22477,21877,2.056
66346,31469,8.3836
58441,68971,9.751
43074,72164,7.5143
29092,21882,6.7374
50958,18893,8.5464
71870,74518,3.1296
37698,33626,3.0204
22869,49963,5.542
3026,5081,3.0241
22090,13935,5.5993
20197,16800,9.9125
75834,52013,8.7759
16433,54021,9.236
67299,37318,9.0503
20069,47350,9.7914
36357,28638,4.575699999999999
79867,69159,9.3164
46549,35909,9.5751
77342,65018,5.88
19011,25480,8.255700000000001
57428,44052,7.3496999999999995
61307,62714,7.6428
81167,69580,8.884
32097,22815,3.0541
43617,53308,8.2198
23654,58406,5.6982
11424,24516,8.6575
44238,70974,4.9929
84825,56540,7.8408
8643,14914,8.3732
50365,47379,3.4243
7152,6797,0.4625
32925,57146,7.9062
8503,21047,7.523899999999999
38945,16531,8.222700000000001
6296,14567,7.6414
38381,58070,6.4702
74099,44925,8.1668
29528,37431,4.856199999999999
71739,42967,6.3515
19304,50233,6.0248
14642,24321,9.4064
33040,43710,8.6159
52789,75237,6.1871
38883,14456,7.9284
39823,32499,4.7957
34588,50883,9.9513
70303,40437,7.3967
17497,28957,4.1966
85707,26663,8.2755
24919,51713,5.8955
47940,16754,5.6643
54767,16801,8.3399
55851,69491,8.034
23188,26335,9.5107
54804,37945,3.1278
33257,29981,3.7694
7531,30511,7.2138
33346,36649,5.9015
65023,57183,8.301
39553,56075,6.3521
45085,41245,4.444100000000001
40252,51960,5.3702
49287,17081,5.8661
3067,12645,6.0219
71722,39202,8.7125
84311,60551,5.2279
29771,14211,4.1629
82134,71017,6.6011999999999995
44152,68512,3.9329
85134,83941,3.4717
48368,33345,2.8818
33471,56621,7.444100000000001
42429,27406,9.0558
19514,48188,7.491899999999999
4822,5418,1.7137
1091,2668,6.4595
65357,61197,7.0874
12345,18745,3.1413
76881,70854,9.5441
38025,55301,5.4718
70615,78078,5.230899999999999
71394,69569,4.7367
42957,62749,9.3336
86286,86217,0.6195
5751,2955,5.7101999999999995
86092,74910,8.549700000000001
3912,12944,6.2618
20586,19649,2.5524
84814,26798,7.3833
35068,43608,6.0348999999999995
37125,44318,4.5536
2212,13828,7.7701
56362,26571,7.9465
17699,58218,9.2149
66812,78853,8.702
69610,37508,8.738
4330,2122,5.0005
35356,69077,9.032
27235,39590,9.088899999999999
41906,53219,8.218200000000001
1854,18295,7.2264
7527,11943,4.9011000000000005
35380,44977,7.0345
28179,13482,3.8516999999999997
74048,70516,3.7321
68935,57982,3.1776999999999997
75135,47621,9.9325
35527,28542,5.9153
17858,24109,7.3784
43297,74988,8.2198
80418,43900,9.265600000000001
8366,5766,0.9375
41424,52155,9.6299
65908,50033,9.2999
29380,6211,9.142100000000001
60136,53171,9.9553
12851,29535,5.5168
40202,37187,2.6780999999999997
17976,18924,3.6565
75280,78650,8.2785
25750,20867,3.2565999999999997
4008,12440,8.245899999999999
83549,51356,7.6958
72949,63662,9.764100000000001
73804,43225,9.066799999999999
81211,78205,6.2465
16405,8327,6.8298000000000005
73916,79062,5.4976
44129,39614,5.8785
10482,34147,9.8674
55865,38683,4.5926
71704,71692,0.2782
13795,24164,8.4203
33943,33366,5.914
67622,40114,3.8792
54301,44562,7.8492
40906,56147,8.8689
45066,44341,2.0114
27494,49272,8.3147
24576,55157,8.2322
66629,33894,9.1377
20083,17266,8.4378
17347,42958,9.4761
37836,39235,1.6588
33379,17056,4.4272
26832,52372,7.1202
39050,22428,8.9919
72617,78327,4.8993
43958,57039,9.2977
18761,31921,8.1881
33215,15473,5.159800000000001
76263,66036,8.2712
42255,14917,9.3161
74738,81656,4.714600000000001
52753,48800,5.1419
65979,52108,8.2946
39844,68371,6.593
11751,12262,2.8857
11959,48645,8.2627
77453,57817,7.350899999999999
80655,80843,1.482
26985,84668,6.2881
37235,30468,5.6297
42237,38981,2.6771
84146,61178,2.5349
35086,54137,6.2295
18552,16255,7.206899999999999
79485,43347,9.232
84373,51121,9.8271
30029,66687,9.360899999999999
45132,69139,6.6288
82657,72574,5.2418000000000005
70803,42955,5.6749
13830,4659,5.4063
42141,72474,9.5138
377,459,3.2925
29883,54174,9.0386
47994,63046,7.7044
68333,46699,5.7138
62440,33613,8.9022
60757,61917,3.2491
78284,80553,4.8186
41289,30999,5.4977
38542,58323,9.1104
29231,15924,6.8565
72965,79516,6.6275
32586,48382,5.1785
85993,84807,5.4295
83300,80739,7.5471
20398,52612,9.492899999999999
19728,50440,5.8565
24541,10861,9.904
40140,41322,4.7433000000000005
11974,29090,5.3049
75207,78713,6.2018
69013,44266,6.464
62129,59314,7.0123
1592,13177,5.846
14249,29830,3.5966
51368,47838,4.174600000000001
27750,42883,8.6651
84125,56607,7.6446000000000005
17636,25413,9.233
10309,15045,2.2300999999999997
54797,63893,8.614700000000001
83887,63221,5.7692
86288,83182,4.6775
34895,17264,6.7445
11228,17876,2.5313000000000003
27110,7085,5.262899999999999
73564,68859,7.5783000000000005
81381,79654,3.8992
58306,59344,1.5355
57432,67935,4.347300000000001
56415,63024,3.3291999999999997
46823,69846,9.9257
61960,51592,8.8783
32046,40297,7.2456000000000005
23774,14703,9.062700000000001
60525,24552,6.6745
57075,35363,8.329799999999999
73550,41994,9.8829
67400,47620,9.56
81463,72996,5.8002
62299,21231,9.9908
57931,83873,8.0029
19573,19580,0.5581
53178,50071,2.8806
46036,55510,7.9513
38641,34383,5.0396
46489,66654,6.8072
27441,47687,8.5764
18623,50793,9.033700000000001
17165,58336,8.6824
6387,31405,9.683399999999999
69488,56657,5.4963
8493,17301,8.668
84753,75268,8.871
47820,11351,9.7261
60769,59405,5.1988
85740,76194,7.8426
41460,35289,4.3331
4106,14796,9.475299999999999
16448,17843,8.2364
76916,63879,1.4149
62890,48843,7.800800000000001
22106,24846,4.8457
33527,15068,7.1262
1725,8619,2.5869
29349,33857,4.5943000000000005
57854,62510,3.1691
83851,77363,9.9436
24691,46966,3.8352
34347,30152,2.5329
59257,75743,9.030899999999999
46406,44011,4.0252
85096,76099,7.5037
51846,17203,6.2077
3099,9535,6.331899999999999
77237,54333,9.0369
22753,29926,8.5444
22308,30394,7.3375
51920,58508,4.4175
71404,45566,2.8484000000000003
82166,70517,8.5544
30879,54533,6.4241
5494,3942,4.5789
43602,49255,8.785200000000001
81249,46642,5.6632
1118,16384,9.3397
60383,83788,7.4138
56694,26202,8.209700000000002
30363,22778,5.7713
74195,78567,5.0596000000000005
32639,36464,6.519
77571,65826,2.4273000000000002
31344,52957,9.6372
71508,69682,6.2204
78314,68592,5.2623
1127,6992,8.1181
85532,66138,2.1883000000000004
7042,27830,6.7871999999999995
76057,57586,5.5446
36053,38877,1.9533
22067,32589,5.9677
3303,9461,6.6594
77975,73669,9.5846
40499,29255,7.8162
74098,67336,5.4702
25526,32366,9.2674
30037,16020,9.6723
61350,60344,7.0541
42238,70872,6.6913
44922,72529,7.0339
33493,30191,4.3552
1339,6212,7.1071
53005,24468,8.1579
42763,70800,5.2362
15982,55885,9.5267
8644,11428,4.4897
31317,28699,3.0128000000000004
73034,41573,8.6576
49631,23826,5.8616
76944,75146,3.9194
57254,77665,9.3135
38325,34008,5.466399999999999
63459,52878,3.0244
65684,84167,6.2082
46151,76517,9.949200000000001
57354,37242,7.8462
15142,6756,6.7122
26941,59790,5.9314
68494,45798,3.2620999999999998
16286,1611,8.450700000000001
70585,43031,4.2178
11203,7521,6.0157
32715,38358,2.6695
9816,21815,9.1257
69113,67471,3.6435999999999997
28618,9697,7.7626
46098,53564,9.135399999999999
30727,41353,6.5988999999999995
81086,78607,3.4631999999999996
48,246,8.228200000000001
72456,69209,8.4031
22206,48375,4.5487
45543,72081,4.3235
29483,55093,8.0643
79814,72907,5.2453
33824,47556,2.6917
44210,42881,4.4736
50229,52799,3.8065
55582,49932,4.0687
83969,52618,8.4579
23297,13475,8.3666
38506,63006,9.3361
44535,68688,4.3129
71864,82933,6.9076
12235,15950,3.7382
47934,23108,1.0737999999999999
78842,68362,6.8391
13673,48356,8.2902
56162,68689,7.2106
16608,34344,8.0571
52068,38456,5.192399999999999
67069,64456,7.3549
3184,4667,3.6271
75553,53614,8.594899999999999
30525,47196,5.6289
65751,69881,6.5265
65689,59705,6.155399999999999
71513,74462,2.903
84870,58758,7.0053
77013,75086,2.2179
10189,5287,4.7263
3125,1545,5.291399999999999
4841,15733,8.1381
7021,9581,4.6851
46624,71148,3.7508000000000004
43785,70808,4.2185
30165,50855,8.7015
1176,7121,6.1445
17168,9147,7.055899999999999
9460,5140,3.5887
77472,61706,6.6696
74060,67572,5.6538
69540,54753,6.9547
563,656,6.4481
64700,84172,1.2825
52424,56975,5.7911
55175,60007,6.4536999999999995
52000,24088,8.116
58399,83867,7.254899999999999
72778,82773,4.493600000000001
71666,36752,9.001100000000001
34882,44854,9.078899999999999
68153,63719,9.6326
4223,2547,7.6242
60725,50029,7.6061000000000005
78556,46042,8.254100000000001
74137,41858,9.930399999999999
11714,9128,3.3943000000000003
63209,84628,5.4623
75585,53277,9.4105
35297,55759,6.863899999999999
74494,74789,1.4616
26604,56359,8.002600000000001
18933,16194,3.0011
239,37,7.7684
61776,56593,6.857
31275,51072,7.5549
66009,61280,5.8981
11895,10603,2.7371
54083,30263,8.987
1200,10731,5.4172
66860,36769,6.1758999999999995
50472,63169,7.3099
74477,81027,4.4975
21543,57210,9.99
69040,63125,7.5451999999999995
45883,81150,8.8425
43482,31836,9.3772
45746,45686,1.4203
13914,2729,8.9683
53933,53266,2.2185
19809,12172,4.5229
18617,19507,1.9577
72332,44982,5.4727
44314,41900,2.1641
61449,83673,2.4229000000000003
81266,82859,2.4034
81541,46691,5.3951
17116,7931,8.315100000000001
46740,39460,9.097700000000001
49084,11952,9.6652
82603,74564,8.2742
17931,4995,9.0179
24101,33244,8.681799999999999
20185,17666,2.1289000000000002
66112,64628,1.4287
38593,42482,4.5128
60165,65975,6.346100000000001
59624,55693,3.9455999999999998
63754,48144,8.605
30146,6536,9.7102
21153,47479,5.5642
28532,9082,9.986799999999999
84674,26844,6.1928
47582,19732,6.2133
56344,63704,4.2783999999999995
52306,57577,5.917
25851,20019,5.7399
79566,71133,4.6953000000000005
82028,45765,8.729899999999999
43274,58118,6.467899999999999
85338,85409,0.4382
7597,20911,7.2428
17592,37734,7.0851999999999995
41114,69227,8.899899999999999
33972,43753,7.2148
44584,56721,8.504700000000001
59029,26634,3.221
68554,79452,5.8521
43522,53640,7.214899999999999
49829,16201,6.7021999999999995
82883,69894,7.9565
4721,4878,1.9285999999999999
24748,58850,6.3838
40106,35334,4.2589
82467,73797,6.5554
37823,36996,3.1936
62765,44354,9.637799999999999
69828,66702,7.395
60268,77045,6.4464
41090,71848,8.203899999999999
6119,9375,1.4064
19132,15487,3.8094
61676,64165,3.7257
14315,35977,8.4309
61505,25316,9.8055
36450,16590,9.4365
85928,59427,9.7341
68283,68625,1.6217000000000001
62833,33146,9.1835
63710,52370,5.5359
80868,45181,8.5539
42903,43319,0.7709
81886,73312,6.1747
12143,21562,5.3797
2914,5442,4.212
54674,38337,3.6022
82213,72900,7.9548000000000005
83143,82434,8.8
58296,26863,6.224399999999999
2391,18833,7.2039
60893,50927,5.656
68899,45001,8.3934
20160,15568,7.7817
30579,19935,9.6944
71799,46402,2.0743
3653,6782,3.5381
56349,77772,8.65
48163,30728,5.2403
83134,71149,8.520100000000001
74553,79801,2.8464
69420,69196,1.4089
78193,73716,1.0212999999999999
41759,67318,6.4097
21082,20656,5.038600000000001
31586,8525,8.9686
1092,9873,5.1864
47363,66968,8.3847
84896,75968,8.6076
73974,67017,8.063
22809,49419,3.421
15593,11820,4.6475
83199,81148,8.0261
5431,30287,9.7064
52927,67070,6.6369
43006,79280,8.505700000000001
34897,42688,4.9888
55317,42567,7.7151000000000005
71945,40542,9.981200000000001
9217,15606,6.2755
66484,32723,7.109
82385,79565,4.5078000000000005
30958,39470,3.6548000000000003
81458,45210,9.6981
82106,81535,1.5169000000000001
74702,42090,9.8505
44031,71197,4.662100000000001
21159,6978,9.799
66658,53442,4.9429
38667,55981,4.6391
55949,55274,2.705
30246,7049,7.953
36281,67848,7.7095
73445,75613,9.0952
25395,26501,5.9108
84956,75484,8.781799999999999
46187,68832,7.8172
85407,65035,4.1603
5440,7243,1.9127
64836,61738,1.8022
26621,58698,3.1622
545,483,2.5956
78420,74258,4.6918999999999995
59463,53098,7.4844
58844,62120,4.9257
15498,48010,7.0934
36570,48148,9.6035
24322,59764,8.3156
34887,57147,9.3111
1822,18513,8.2384
77245,65485,4.2817
24123,31233,9.0074
46445,71081,4.975
56886,67776,6.9077
63979,77710,5.6333
57760,21976,9.854299999999999
81610,81500,0.5847
80520,45016,8.2601
41571,74218,9.730799999999999
9910,19475,7.0386999999999995
9536,13250,2.7939000000000003
28991,37063,7.823
84611,69328,9.5705
23198,33033,5.3809
16376,10392,3.9754
15815,6671,8.5918
80670,73450,6.1574
77178,63262,6.405
60982,53687,9.838700000000001
78215,65400,8.982
58686,21590,8.5092
36818,40944,2.5251
16860,25374,9.921299999999999
37425,51850,6.234
50623,26559,8.0847
50453,52932,3.9579
48891,25970,7.2738000000000005
41395,71750,7.267600000000001
366,514,5.1989
6615,17100,9.6543
65784,77965,3.9085
9046,3055,7.7219
13278,31043,4.7098
57029,62911,5.3011
44274,48674,8.9575
59845,58564,1.4855
12584,14705,6.6741
80513,71808,4.4545
15703,51307,9.5036
56589,42156,9.4984
25171,25800,1.576
62442,76742,7.4675
60494,63025,6.085100000000001
16041,8075,7.0397
79784,68556,5.5028999999999995
33852,14586,6.6833
74120,68884,7.606
71416,82928,7.0892
72639,71499,2.0122
12299,50955,9.665299999999998
68538,76700,8.622399999999999
28264,33585,5.9734
82315,45919,9.0624
73433,79102,4.2351
34559,47499,7.0581000000000005
71963,39537,8.8842
73951,72973,3.1696
16585,4673,8.4414
58486,84480,7.0172
83634,61370,1.5919
53844,71476,9.5604
68312,70570,2.6928
46994,47471,2.1824
72143,73633,5.7412
62781,64078,4.363300000000001
29460,7060,6.7133
3847,5931,2.7313
1576,11093,3.9339
46222,72146,3.3427
44782,57518,5.6171999999999995
12904,30070,7.098199999999999
154,301,5.8917
38472,44325,6.5584
61055,64268,4.603800000000001
31480,14004,4.3838
67363,69303,3.6058000000000003
33344,35852,6.595899999999999
49097,28946,7.0603
12967,6056,4.964
35284,66389,6.0556
74330,79058,4.0558000000000005
5763,9759,1.9334
41277,34843,5.4366
33489,38179,2.7423
15780,17595,3.9203
42123,71610,7.303
84141,26638,4.9062
14193,36542,7.7648
69494,49582,9.5617
79845,73860,3.3265
48700,16919,4.0506
17297,2211,9.2006
33808,41756,8.829799999999999
24244,53318,9.7135
27643,6934,6.781899999999999
1782,18904,6.328399999999999
39788,74036,9.9906
43248,45928,4.6003
58444,58738,1.0219
38031,55047,4.0574
11922,10866,3.4955
72302,79917,3.6864
54269,78086,8.2356
19888,12069,5.4608
33539,7814,8.2386
30112,50808,8.6761
52209,66143,8.6357
56213,32437,6.7745
20405,16395,9.982899999999999
63837,43358,8.6208
84072,60947,4.1436
36295,33228,7.1518999999999995
4007,29178,8.3935
83045,73287,5.274
69718,50822,9.7597
67475,50611,9.9566
49341,20750,8.4526
28358,32322,5.5071
58305,58901,2.4036999999999997
79262,72264,1.9674
36796,66340,5.142600000000001
34612,40756,2.9664
41838,35427,6.2128000000000005
32689,14035,6.7638
61232,60801,2.6812
61311,25757,7.5794
36153,30402,5.0421000000000005
23684,24839,2.3787
44958,37000,5.3869
64534,85909,4.7678
70596,81742,7.129
12507,20970,1.837
37411,33190,3.3176
62218,83857,1.8534000000000002
73045,80532,4.1775
72538,71599,1.3395
4459,5127,5.9814
85482,83897,4.76
23157,56537,6.7788
37582,43763,6.3343
33951,54839,7.8325
72226,70765,2.3282
29921,12882,5.7943999999999996
75833,77676,3.3767
9284,4622,1.8364
45634,71183,3.1059
62927,68274,9.0918
60522,24873,5.9
44692,66586,4.8485
67896,57798,6.8548
65479,62335,5.128
61735,76085,8.8686
82395,74551,5.5106
49574,21468,4.85
26679,23316,9.622200000000001
61455,25829,7.1888000000000005
20301,20793,1.7935999999999999
26827,25897,5.322100000000001
56220,50334,5.583699999999999
12392,14760,5.5572
86285,86270,0.047299999999999995
43215,62693,9.505799999999999
82345,68536,9.4704
35845,33192,6.5797
3923,5012,2.6029
60506,61048,1.8253
64714,51084,8.5076
66595,48246,8.3071
83900,83927,0.6788
51873,19626,9.235700000000001
3052,4755,2.6604
61850,58585,6.4089
67205,69908,4.5428999999999995
77664,76857,5.7528999999999995
17139,21426,1.3807
34939,32924,2.3919
81955,70631,7.280399999999999
73858,69562,6.3984
8958,31109,7.0872
74517,44501,6.7178
68939,77279,7.3037
72800,39716,7.9515
36417,32385,6.5326
36504,17239,9.6031
11870,48215,8.270299999999999
54616,51374,7.2136000000000005
71018,74962,8.9939
29773,14576,5.3101
7203,21187,8.1762
76230,70355,9.9675
81450,69676,9.6355
41456,72962,9.2247
51596,23751,5.706
45859,67469,4.8083
67938,42767,4.6322
37777,49857,5.9506000000000006
9415,16165,6.8521
22133,9381,8.3585
1667,5870,4.7533
49602,21909,4.3475
33145,66376,5.6559
30971,15269,8.7153
77367,76473,4.231199999999999
6290,11242,8.3745
38284,69144,7.1486
38817,37654,2.3095
12484,31509,8.2452
50636,12383,8.5306
26758,84224,6.1741
69980,75401,1.8792
1158,4457,1.267
78164,71779,8.8263
24532,26697,8.1496
24587,17431,4.459899999999999
16806,27168,4.3194
81429,70020,8.6285
85982,64955,4.5658
24609,51689,3.353
17634,13398,7.8727
51239,35530,9.4372
44059,70185,8.9733
66729,69276,5.1838999999999995
11629,47968,8.8672
26515,20193,9.959299999999999
37023,43545,2.8214
10680,18264,3.7706999999999997
60273,63663,3.703
59006,56280,6.8806
83578,63622,9.9103
55825,50511,5.219
40022,44114,6.0531999999999995
18831,22185,6.3711
38577,41129,4.4003000000000005
47472,52294,5.7858
47223,11262,7.9247
76869,74334,7.2703999999999995
15462,16713,2.5631
62493,66663,9.758799999999999
12745,32124,6.4234
9519,33232,9.4707
31998,10599,6.1456
49484,15506,8.1943
9854,10938,4.0145
61552,49416,9.3074
10631,4893,5.9611
69319,48968,8.0348
72852,41601,8.764
51042,17026,7.641100000000001
18098,5630,7.9671
78139,65839,8.5347
584,680,4.554600000000001
53391,32023,5.2526
797,748,2.469
71300,78752,5.4766
86169,84464,7.636100000000001
75313,53977,7.1087
68318,56078,6.0569
45010,34732,7.4429
3238,3872,1.5665
71997,37122,9.0339
66700,39479,3.2417
49851,58415,5.017399999999999
60434,60237,0.7915
56046,32423,5.852399999999999
83167,78729,4.8043000000000005
8438,21784,9.996
57808,63439,1.3757000000000001
17975,23042,8.6915
80251,82109,1.8873
13370,34620,9.964799999999999
13906,18271,9.197299999999998
50961,34082,9.754700000000001
33978,34061,1.1120999999999999
70484,73684,5.2542
2541,20427,7.1656
78,263,7.6517
60161,66278,8.3353
18248,7033,9.9209
32168,58416,7.8372
18765,2469,6.3653
17681,24875,6.5666
54249,67479,6.598199999999999
80360,45483,7.4737
79963,74874,4.0915
69262,60242,7.4899
81648,74677,5.5595
10421,17658,8.8176
46376,66864,6.3155
79334,46298,3.4861
47137,32710,4.1128
14339,22022,7.921600000000001
27403,33465,6.5636
31831,56685,8.878
81559,44214,8.9521
23202,49864,3.9544
22709,56754,7.936100000000001
35116,13865,7.3892
28228,41441,9.1941
26878,85714,9.9329
21167,8761,7.4545
51857,31060,7.521199999999999
47505,25026,5.3435
47381,7666,8.9835
83706,57865,9.8178
43512,45192,3.3606
34302,41802,5.5566
15831,9363,5.871
24927,21217,6.357600000000001
56140,43898,9.4724
44804,35153,8.7204
31223,67648,9.809899999999999
17589,22350,2.3005999999999998
43825,57224,8.0568
37675,27934,4.993399999999999
16217,35122,8.7341
428,636,9.8013
39279,34980,3.6395
52010,26109,6.9188
25441,16867,8.0953
50016,57964,5.3885
12412,48516,7.8016000000000005
31848,51333,7.1112
28272,16303,4.4236
16305,14704,2.469
9468,12415,4.2968
85317,60419,7.0883
34636,36601,1.773
51141,25885,2.8352
22746,56696,6.869800000000001
37907,48649,4.1908
64541,53138,9.6036
4515,3721,4.4697
67248,59575,9.5966
22972,48522,3.1733000000000002
50975,19300,7.7717
13434,8057,5.4463
48619,21235,5.2238999999999995
11176,8759,1.7619
61289,61044,2.2401999999999997
18307,13754,7.015
23969,31938,7.3211
78706,75631,7.5059
2455,12854,7.581
84812,58562,8.2
76199,77625,3.2180999999999997
79922,66409,8.9949
48035,26111,5.0884
52885,62052,6.2728
80707,83138,2.9819
7510,29192,4.73
24495,52269,4.4935
84682,63385,5.4456999999999995
21692,13087,8.6189
71540,79878,4.725899999999999
55438,65290,7.857
80235,73087,6.7253
18864,13775,5.9565
78209,82266,8.0597
48664,58364,6.4402
76734,78240,5.5675
53434,68249,6.0877
75592,63442,3.6119
11288,19480,4.4725
77977,69987,5.5682
73822,83088,5.0199
59255,75464,9.907200000000001
28100,17548,8.7559
55411,44576,7.1526000000000005
68022,44164,2.9008000000000003
46472,68543,4.5964
21491,53101,9.9263
65236,66216,3.0305
21628,15146,5.5732
7903,12857,7.352
60333,77981,8.0954
33060,47783,4.582199999999999
85918,59762,8.3986
2901,5937,4.1814
83244,74788,7.9502
73777,75755,8.2929
38847,23327,9.392700000000001
79980,71479,4.0179
56861,75901,4.9078
10958,18118,2.6717
4161,15562,9.7265
85239,75815,4.4715
47988,15916,5.782
78436,72169,7.231199999999999
54852,62417,8.3521
5283,3377,3.1241999999999996
4333,4194,1.1910999999999998
22084,9085,6.8856
26128,57939,8.8974
70144,62577,9.1428
81347,79571,4.0619000000000005
56618,17292,9.9709
13994,31690,5.293699999999999
31366,36651,6.8123000000000005
80330,79238,2.9454000000000002
64708,61860,1.6457
19470,49780,8.8391
34525,13769,9.2889
83224,81080,9.969899999999999
14666,24341,9.2128
48254,69331,8.251700000000001
79805,81476,3.3843
31396,15510,4.5552
32170,36379,6.8807
62579,49525,6.03
25833,49167,8.484399999999999
590,663,3.9574000000000003
24966,49557,5.7574
51979,68192,7.2415
54789,67987,5.748600000000001
52635,66404,9.0752
77469,63822,4.0414
66815,32786,7.514
78980,81506,5.0232
44806,55547,6.8643
82170,72588,5.0528
10540,12837,3.2853000000000003
78740,83034,1.8460999999999999
11490,21300,5.9253
63413,61769,4.1576
33076,51732,6.9699
5449,12839,4.0779000000000005
26237,63026,5.8561000000000005
85566,61374,6.7025
28999,12117,6.1768
27405,49271,9.1926
48342,17284,4.9787
43111,70244,8.8608
20673,25358,4.7763
26240,26651,1.9430999999999998
942,864,4.179600000000001
67378,75958,6.0781
51486,64953,8.116100000000001
76443,65568,4.462
2132,12651,6.3907
66182,61581,5.9247
73224,53736,9.6067
23091,19410,5.9317
79391,82790,6.6381000000000006
54906,42281,5.0078000000000005
37708,58062,9.9229
74851,75460,8.2365
4686,10674,4.9542
45831,57351,8.5953
82528,81740,2.3971999999999998
33175,53851,4.1147
73349,42997,8.090399999999999
33099,12095,8.912600000000001
43856,80710,8.869399999999999
58938,57662,8.988700000000001
45021,42684,4.0365
32181,47691,2.8750999999999998
20992,50910,7.627
5593,16454,7.6556999999999995
64495,57140,7.3407
35798,47588,9.288200000000002
30478,38581,4.3308
15396,19380,5.8804
46236,67841,5.2283
2177,21162,7.6819
61983,52338,7.4292
60022,51401,2.7131
39689,32338,5.4715
63267,66089,4.415100000000001
3167,3408,3.2633
53854,61461,9.5939
9557,11460,5.2206
27273,22858,8.6899
18011,2661,2.8436999999999997
2448,13311,6.1713000000000005
2525,7954,3.3030999999999997
13114,19668,6.9793
15090,6438,7.36
40450,67715,7.8183
34068,28914,4.7218
46620,68231,6.2352
64477,25548,9.6404
67044,36362,9.1134
11483,8203,5.7091
61790,61895,1.6342
20141,24653,6.0706999999999995
67031,57570,2.0783
18595,2616,4.0958000000000006
54134,26127,8.4807
51560,59819,4.2245
22179,51197,5.712899999999999
20003,33276,9.173
76378,79004,7.5591
68585,75563,7.868600000000001
68717,54380,8.6755
2750,21726,8.7435
54679,66684,4.9877
1591,1689,0.4432
85538,85217,2.2241999999999997
56856,75446,4.993399999999999
3161,6515,4.1109
2887,7140,6.0301
8552,6209,2.9852
85120,58233,8.7946
6625,15279,7.507
56474,55838,1.5854000000000001
72236,41806,8.5169
37196,34694,3.0679000000000003
72582,79670,1.349
50069,20341,9.876700000000001
42462,35009,5.1298
77126,60850,9.1176
53329,35172,5.9275
73122,81927,6.723199999999999
74637,66356,8.5481
81435,82686,2.7653000000000003
20283,25797,6.3093
75924,50118,9.596
5354,4942,1.4005999999999998
21118,51320,8.0303
51897,44438,9.6005
53167,60802,9.476799999999999
70435,73288,4.198
54338,56179,1.4627999999999999
28374,12110,6.2886999999999995
40925,38640,5.1036
26719,83509,2.6038
83202,73707,8.9326
47764,18922,6.645
2585,8234,3.4643
22125,21843,1.7127000000000001
68475,82311,8.827
70199,43113,8.1497
1067,1239,2.0826
42359,45781,5.7975
21794,18405,6.0404
10215,19301,5.5687
7678,31976,8.1189
55942,23906,9.7492
80446,45477,6.963
55103,30339,8.9338
35251,46111,9.6223
66987,80086,9.9709
46800,74570,5.3842
41517,35118,5.1807
71146,69041,5.894699999999999
29438,29501,1.1165999999999998
33133,66737,6.562399999999999
60166,63926,5.4685
74456,68659,3.8788
74303,78334,4.400600000000001
56989,71188,7.668699999999999
21834,17019,3.8459
27563,24356,9.7389
62013,55060,9.0142
40359,67898,7.8708
7107,4608,3.6016999999999997
47164,23603,6.491
24993,18396,8.6985
80987,79884,1.9181
19079,20401,4.4295
26435,25169,5.6476999999999995
4184,7718,6.4312
33880,30131,1.3885
69840,63724,7.2907
31072,28212,3.0276
68722,35008,9.836799999999998
36538,30569,5.2078
66446,37081,5.1548
85051,65119,1.8645999999999998
11806,28299,8.3781
38997,70697,7.384399999999999
31571,55404,8.2497
25149,15150,9.3784
67693,53827,6.4632
50625,66936,8.5906
85329,76715,7.1356
21980,10305,8.1792
84778,76645,8.7584
11727,29230,8.8809
85244,55749,9.9558
67456,45690,2.465
67193,36182,7.5065
1403,9392,5.078399999999999
17034,22571,1.9139000000000002
39944,67513,5.443
2657,1613,4.3763000000000005
86062,65663,5.0403
84698,25821,9.975299999999999
79660,81393,4.0235
15420,18113,6.4703
62352,60397,3.0095
14998,17103,3.3491999999999997
75794,50166,9.1727
57936,48352,6.4968
82165,46207,8.325700000000001
37019,29269,6.833699999999999
65292,63206,3.3024
84592,64060,3.8368
68608,71771,3.8337
83538,65518,8.2858
68739,69318,4.9176
50970,34991,9.505600000000001
14225,31645,5.1648000000000005
10781,20148,6.5123
8900,2534,3.9177
47797,50431,2.885
23917,15694,5.7318
62902,21944,8.8463
31523,44546,9.874799999999999
23745,16679,7.0138
18648,16849,8.1806
4861,28600,8.2289
36273,47547,9.104899999999999
32579,53847,6.3468
67874,38002,6.2426
71339,73440,3.3765
35995,30988,4.549300000000001
55678,75874,7.653899999999999
38285,40892,6.4731000000000005
57896,43492,7.649
41659,42721,4.9183
21651,12883,8.8505
16561,21756,4.2187
32189,10477,7.0023
15670,37920,9.851600000000001
23259,33092,7.0022
57702,38078,7.9474
58590,58988,2.1508000000000003
33681,21530,9.047600000000001
53189,31533,4.9365
75683,53972,8.5046
51997,22378,6.0033
23288,35208,9.4047
36129,38900,2.7476
17441,56379,9.1362
8932,18440,5.5953
20611,51137,6.5712
27064,51953,9.951799999999999
78300,46648,8.0116
69265,70867,8.389700000000001
31624,55822,7.1037
20495,47045,7.9775
14713,29484,2.8186
34802,28128,2.1179
65267,69152,6.6735
562,760,8.5214
53921,25619,9.315100000000001
71472,74383,3.9753000000000003
69905,53637,6.414
7608,32725,8.0063
86199,85570,5.7024
42112,41485,4.1873000000000005
81422,82890,1.9577
56005,23944,9.8128
70285,30654,9.718200000000001
36666,45415,7.3251
6945,21125,9.4658
25901,18692,8.2157
6897,31972,9.9975
56838,32700,9.3664
32669,38846,5.0184
85236,65379,5.144100000000001
22370,23892,4.719600000000001
37512,55285,6.7011
42790,40096,3.3513
84499,65909,3.4919000000000002
51623,25913,6.0877
80667,81305,1.2878
71336,39272,8.9201
9856,13164,2.0385
26153,48872,7.0433
78856,68629,5.9896
24721,21454,3.5281
49903,71362,9.6894
49570,19220,7.8363000000000005
73383,68792,7.6351
40451,68294,8.5756
38954,68600,7.3253
44648,58111,7.714
15799,28831,7.2623
40105,67223,5.2904
24580,10952,9.5458
64538,58712,7.0048
52955,22907,7.168399999999999
44127,45667,2.0107
70783,66351,6.2088
66983,69191,3.3236
59558,25064,3.8695999999999997
53321,47192,5.3356
34884,43014,6.3735
65816,75380,3.7604
33725,42686,7.4145
24794,54999,9.6182
52645,64120,6.0694
51518,38065,5.355899999999999
31595,15223,5.4966
14780,32408,4.7378
74728,74270,1.6704
73306,39009,9.863299999999999
69867,57550,3.7340999999999998
55068,33901,8.2769
27407,6225,8.2582
26546,48241,8.892
51730,61301,7.6772
53095,16834,6.8011
69850,62484,9.924
46791,69266,9.9733
83364,81917,8.1827
16639,8424,6.5268999999999995
9132,4870,4.5755
48359,29739,6.853
22554,50818,5.6305
2058,13365,5.6287
25007,56185,7.271
23462,15077,8.9599
66558,45659,6.572
12935,9780,3.0530999999999997
57851,54939,5.6079
15310,11368,5.392
59247,21445,9.561200000000001
40875,36750,1.7731
33250,38881,4.5558000000000005
83187,78168,8.763200000000001
30538,38535,4.7526
19821,26215,8.2171
24289,59891,6.801
15007,6795,5.9807
25606,23393,4.8877
44515,68645,2.9869
3017,28724,9.9069
57763,51698,4.2495
31701,58400,8.3111
41532,31185,9.700299999999999
62487,50682,5.1155
62400,50884,3.9888000000000003
27575,5291,7.7376000000000005
47135,17598,1.528
54843,40536,4.9131
55498,76251,6.597300000000001
48059,32407,2.9679
49198,16684,6.534
42449,32343,8.4367
53551,71386,9.1972
43332,67707,2.6290999999999998
16245,17882,5.515
28822,24597,7.490399999999999
15707,18408,4.1325
55197,30765,8.8386
80526,66637,9.2418
67337,44986,6.6371
29166,13687,4.6129
57823,23546,9.6981
66847,30127,9.434700000000001
64837,25957,8.2901
8403,11403,5.4018999999999995
82299,70913,6.7098
11646,4948,7.2752
5910,15798,8.2595
67015,38707,4.2876
25668,20565,6.521100000000001
18739,15306,6.4401
82806,79465,6.1817
35759,41098,3.2723
62263,61388,6.5568
57403,76674,5.8735
69410,69114,1.69
26102,51894,6.0073
79473,42530,9.220799999999999
8672,28931,8.901299999999999
54101,68341,6.5107
12196,14823,7.0767
82568,81888,3.0849
18662,10527,6.2432
71603,57383,8.864
66180,52572,7.6245
35079,17170,7.8518
31796,34667,6.8595
30220,53728,7.8215
59777,39758,9.5006
27993,14051,5.3333
24387,18273,6.3504
84076,64323,4.9089
85071,85752,4.4802
19512,2125,7.5255
83877,58274,7.453
14049,1868,9.6082
34889,22716,8.2642
4395,3554,6.001399999999999
26755,50349,9.6447
43423,48693,7.496899999999999
7318,9790,1.3945999999999998
71262,46751,5.5074
66109,61490,5.340199999999999
80456,79296,2.2453000000000003
6553,1235,7.9758000000000004
53939,40624,9.807799999999999
63105,64029,3.6351
56006,57355,2.4634
71657,45648,2.0456
27025,26345,2.4483
6403,2196,8.915
11590,21156,4.4162
39877,32770,3.8215
12000,23135,6.3724
85967,69552,7.937
81517,79268,3.261
49534,21313,5.3746
3598,11276,8.8095
4023,4254,2.821
20520,10368,8.988100000000001
26867,83586,3.787
35494,17285,7.5004
43250,43449,1.1930999999999998
38971,28984,5.2475
38463,68226,7.264399999999999
38657,67668,5.4554
39230,22577,8.8219
66947,74092,6.2509
74308,43279,8.0465
59336,55725,4.125100000000001
26981,48098,9.1056
4900,12634,3.4705
39022,29992,4.6972
79848,74805,2.9073
40640,79293,9.741
48826,58838,7.9793
50971,57034,7.3358
76746,63210,7.746899999999999
12531,17053,3.6641999999999997
59794,50239,5.1093
62371,59976,3.8310999999999997
71306,83141,8.974
15624,21962,5.7963000000000005
52405,57544,5.8793
53682,54122,1.3246
46557,67523,5.3953999999999995
50654,20368,8.695799999999998
62194,54296,9.9545
82536,79162,6.8288
30734,50745,8.1066
17348,29804,5.490399999999999
53920,60907,9.470799999999999
27242,7748,3.264
69859,40323,8.3496
82685,79799,4.274
47130,33045,3.6546
65260,48373,9.806700000000001
19372,29084,8.2741
6366,3378,2.2625
52454,33693,6.9622
74134,54838,8.9832
45908,76769,9.6876
46491,42107,4.791300000000001
41468,49103,8.281
48412,47474,2.4627
64995,63311,4.251
67416,76113,6.6052
57990,53057,5.8448
62087,66052,3.8858
21830,56979,8.7784
38161,69346,9.2102
69941,46072,6.9795
1590,3312,5.8725
23780,50846,4.9011000000000005
74695,76056,8.959200000000001
32622,30223,3.8025
58335,57500,8.4215
67066,56155,3.8199
51168,23649,4.5678
10149,33184,8.3016
27265,28146,4.4689
10562,31948,7.1497
40291,56305,6.274
72553,45524,5.143800000000001
82502,78052,8.7307
53617,70639,9.203100000000001
63462,59056,5.2653
25934,22121,7.681
59582,21659,8.8204
28546,31853,4.7357
70379,32769,9.638399999999999
58193,49315,8.2127
46076,40492,6.1429
2008,5513,5.3318
23843,30664,9.6823
25368,56601,9.5462
65261,57024,5.570600000000001
28827,15133,5.7298
8166,18601,7.6198999999999995
47195,24996,3.7965999999999998
23285,14352,7.5793
53104,36283,5.8223
6729,34362,9.943
34494,42992,6.6718
43658,29719,9.8917
63173,55447,8.7772
2519,17200,8.505700000000001
85024,84901,1.0194
52851,47561,6.0673
69588,53507,6.9772
19620,16493,6.6318
65968,56011,8.513
24816,39853,8.6143
28581,34848,4.801399999999999
40036,69286,6.3247
38539,59369,9.0748
58012,67132,3.7878000000000003
45427,45384,1.1053
64050,66157,5.050800000000001
17014,29247,4.9857
38075,56012,5.2497
15705,49979,7.8756
76955,63599,3.7638000000000003
30200,39673,5.5461
77017,59306,7.7627
57567,22531,9.3442
22117,22975,2.0134000000000003
69639,68799,3.1738000000000004
12085,12630,5.0104
20267,24440,4.7991
48237,25230,8.337299999999999
21269,30701,7.6457
70560,57106,6.7311000000000005
22551,11453,7.0828999999999995
77906,57434,9.3282
65053,77093,2.7807
60833,33765,9.303799999999999
25678,51870,9.3654
86252,83066,7.3456
61825,65127,3.1536999999999997
11517,8652,3.726
40633,66504,6.6103000000000005
55376,63381,7.287100000000001
27029,48048,9.7015
78617,81273,4.477399999999999
27867,53565,8.4839
739,922,8.533100000000001
73403,70533,3.2476
6100,2824,7.0895
3551,2001,8.2478
58520,56705,4.6455
11718,8038,3.2103
66580,54408,4.9655
13800,37417,7.8411
56453,21993,7.764
77917,85686,5.4877
37288,47086,8.9468
17016,53380,7.4698
45419,70666,2.9615
79685,81957,3.1935
2716,18496,3.4236999999999997
8477,14503,5.536
48130,55845,3.3198000000000003
5574,28285,6.949199999999999
5059,1215,4.1661
77077,69426,5.5005
81642,68050,8.303700000000001
76743,77530,5.163
2910,9261,6.0535
71744,79862,3.7946999999999997
25688,59461,7.5169
12906,24371,9.6546
83289,80497,8.7698
35674,22614,9.569600000000001
70597,42045,5.000100000000001
29868,41029,5.8062
72812,80882,5.4556000000000004
78352,71751,6.787100000000001
71028,39308,8.1062
49146,50147,2.2676999999999996
74397,76717,9.3101
85500,61023,8.489700000000001
40454,72934,9.3788
26376,25001,8.0225
26297,26837,2.2168
17763,20556,2.3773
70411,53589,8.591700000000001
51215,50083,3.7579000000000002
50357,50757,1.0380999999999998
38448,70634,8.844700000000001
55133,38886,5.0623000000000005
21052,38339,8.0152
442,556,4.0366
27291,8903,9.529399999999999
58355,56996,7.6902
59977,57801,5.8114
5000,1364,4.7135
22093,22819,2.4675
43193,14892,9.164
74838,79715,3.7026
23439,24029,4.1204
82981,80373,4.3852
48202,25849,6.603800000000001
59675,25279,6.5493999999999994
17673,17909,4.2238999999999995
21746,62355,8.927
81538,43308,9.885
47728,22359,4.337
41622,57490,6.992
9066,2926,8.1423
75548,52567,6.194
68440,42279,7.2495
17094,6971,7.909
29188,32606,2.7715
29631,14554,5.9128
65934,59987,6.4879
9611,14562,3.9166
25311,83858,9.985899999999999
48333,56677,4.6659
78602,70167,4.1536
82199,45779,7.6618
61845,58588,5.9432
4572,5586,1.6164
51367,16484,9.4206
52221,17541,7.7497
28714,7132,5.441
8292,6062,3.38
3680,9191,7.6901
26948,26655,0.6678
51832,50122,2.5976
48889,36377,6.992
74157,71280,3.0896
72380,71702,1.4781
44713,57988,7.7932
39505,48047,9.101700000000001
54867,46071,7.065600000000001
5967,19118,8.3788
61271,60624,1.7487000000000001
77053,75058,3.1819
31925,22045,4.7535
67086,79752,9.529399999999999
56461,25124,5.9699
62535,65608,4.2855
21905,53638,8.7385
14059,4894,5.8715
3210,5955,5.2294
31748,19031,6.780600000000001
14322,13671,3.479
22517,16514,3.7556
71001,35600,9.3391
70429,66712,3.3853
62262,61630,5.4315
29344,54505,7.6286000000000005
69054,59326,8.262799999999999
8244,4607,2.7742
81240,78749,4.940600000000001
33154,27884,4.5389
28368,8702,8.5632
55834,32463,8.223
80653,74815,2.394
8776,10997,0.8952
45909,67976,2.5038
172,351,0.0
67598,45602,3.6546999999999996
73803,63644,7.1364
39894,60223,7.909800000000001
23682,13251,8.213700000000001
36863,68724,9.134
32240,24399,6.6107
47256,57603,8.4574
40766,53175,6.9445
78701,76786,6.7336
80437,69659,9.923399999999999
81776,45855,7.845
64414,38427,9.3704
4540,17474,9.7337
43701,66467,4.1416
23836,57016,8.8817
44415,62530,9.6287
11983,10385,2.2444
41966,32879,9.7615
52779,48077,4.6936
77196,65158,4.7933
50750,38516,6.983899999999999
62121,50050,9.5581
57201,37413,8.5419
74609,69524,8.0722
83338,80024,9.4261
26589,64691,5.2812
37376,30384,2.6218000000000004
50773,12375,8.9816
45394,73046,4.937399999999999
54227,60857,8.267700000000001
62081,85037,2.3658
14517,27158,4.965
936,3350,9.0014
75840,73806,8.0312
62684,50523,5.8452
83130,74756,5.0273
37459,47391,5.5428999999999995
12093,19346,2.9773
28675,14820,3.7237
43668,67168,4.7278
22905,30882,8.7081
41402,42394,3.0471
42552,79116,6.4281999999999995
13957,1694,7.3155
82174,83308,7.1004
16729,40009,8.247399999999999
50165,47331,3.6848
46813,40870,8.0705
59225,57858,6.589300000000001
9860,15288,4.8547
67643,37097,6.254
67989,57145,7.8955
70569,37776,8.3596
4637,18369,8.0771
85529,61742,5.4015
75841,71527,8.5808
58534,75468,8.818700000000002
74186,74401,1.4739
31456,53982,7.2003
46588,46754,1.9987000000000001
67775,69031,4.7978000000000005
58527,58388,0.6866
61693,52973,7.252
21221,5635,9.3385
43521,68236,4.8321000000000005
78712,46732,7.7488
28063,38715,6.3203000000000005
43151,49810,8.0835
16517,48008,6.5123999999999995
28428,3297,9.1714
56377,48229,5.0971
75617,75108,0.8136
52094,38026,6.250100000000001
7390,22380,9.2403
47914,39699,6.8843000000000005
6328,28474,7.0143
38451,53776,3.6216
48909,12072,9.1292
56416,77396,8.5205
20323,21424,4.3856
62314,62520,0.5404
34858,53211,5.4075
78340,57898,9.3186
80314,66907,9.6981
29187,14817,2.618
8490,8159,0.86
63676,55434,7.2376000000000005
81250,45506,7.7032
72577,81705,4.956300000000001
69926,73380,4.587899999999999
24118,20968,6.2403
4261,28475,8.3315
36134,66583,6.8769
80228,44171,8.1419
18390,4421,9.1095
71435,57870,9.2971
21601,58634,9.3203
42912,32775,7.136
34371,40153,6.203600000000001
3749,8258,7.7139
44139,37530,8.264899999999999
13383,31483,5.456899999999999
82180,69623,8.3697
83700,85155,5.2204
54238,51152,5.9956000000000005
12405,21490,4.1267
35815,33015,5.7057
57852,25153,6.7028
39124,44431,4.7598
43036,66952,2.3158000000000003
47701,60353,8.302299999999999
70820,79586,3.6951
11313,3839,9.8669
65582,76272,4.5182
77932,78409,8.6563
80932,71918,4.6185
53033,61643,9.9381
24451,19293,5.0652
1907,5639,6.0446
64398,57022,7.7641
39869,59573,8.7715
27350,28466,4.6241
67607,68715,2.4991999999999996
58020,65149,7.5628
31686,35223,5.8083
46668,43183,7.3406
34107,45616,9.8425
6208,22493,9.3985
41883,49142,9.3403
34072,54125,7.908399999999999
19801,58533,9.2945
15395,39702,9.369200000000001
64679,64145,1.8151
12209,20627,5.4408
3166,15334,9.4001
7788,22003,9.796
32410,27705,6.3659
15437,21075,4.3194
32051,57000,8.633899999999999
2583,10115,3.8923
227,176,1.886
36707,28885,6.3338
2311,5121,9.1504
12282,23832,7.6171999999999995
19806,32857,9.9815
45475,80914,7.6507
70881,44659,3.436
46499,81260,7.3171
19104,9063,5.2386
85247,27024,7.4615
52420,21558,6.978
56261,60187,5.9315
52638,24366,5.5884
79127,44621,5.2889
13249,6539,5.9345
38818,57944,9.2506
80823,68697,8.1032
1450,1742,0.9514
31702,39774,5.8434
41816,29249,9.9709
60578,63460,7.2763
83797,62852,7.9089
62629,62424,1.2722
69694,66853,5.7835
39213,14430,9.565100000000001
5421,16070,8.055
12994,18193,7.093
85224,52555,8.6972
740,841,4.263199999999999
17244,7146,7.3571
6969,28943,5.487
12382,19628,4.4521999999999995
39646,42405,2.1075999999999997
46059,43037,6.1911000000000005
39682,69135,7.676
49440,39326,8.1358
3766,3470,3.1271
51978,53233,2.0831
3326,13688,9.8081
36997,37790,3.0258000000000003
249,328,4.0494
9315,9421,1.0587
78844,82097,6.6055
54194,36708,5.9962
38935,51787,8.6603
13507,18845,7.4637
75756,64156,3.9799
83457,83354,5.4647
56510,75723,6.2813
17035,8529,7.5353
15002,37876,8.8184
38080,50821,6.7195
6878,1657,7.9927
61887,59307,5.7116999999999996
8992,10130,1.7575
11898,4058,7.9043
367,488,4.0289
85469,64786,3.4231
5839,18283,7.0503
61862,56892,7.1597
22444,49311,5.5011
73182,68699,2.2233
23187,34990,8.3931
8837,22562,7.9802
64528,52815,6.1163
55091,56411,3.9798
14509,38740,8.228399999999999
75144,70432,7.1149
75083,79014,7.777100000000001
61548,75212,9.1191
35105,44018,6.9763
11538,8025,5.8218000000000005
23827,53268,8.5221
41785,41711,3.6376999999999997
56742,42177,9.755
47640,2833,9.6999
70992,39212,7.4342
56830,26660,8.0204
10378,31832,7.0606
7743,2699,8.366100000000001
61847,58341,7.1045
11494,1226,7.562
17008,29772,7.096100000000001
59399,50032,3.8276999999999997
75991,60334,6.9633
10060,32071,8.7998
73397,44633,6.3274
14165,40508,8.938600000000001
17932,10072,4.8627
4147,5755,2.8919
14500,11628,7.7201
35416,47378,7.3484
56003,17128,9.7791
16383,36757,9.0254
45965,78433,9.41
6861,1729,7.0631
64962,64752,0.5384
2043,12763,6.1962
13318,12058,1.4752
75544,43456,9.6637
77038,65208,5.735
82406,71814,7.2801
4771,11673,8.404399999999999
30761,67576,8.4123
6864,34305,9.2864
56546,59241,4.6973
33891,49995,7.7046
62536,22676,9.6489
1483,1129,1.3097999999999999
23605,32440,7.105300000000001
70178,71733,8.4765
13529,17944,6.8119
18976,1746,6.472300000000001
6235,10289,6.6405
33463,19209,8.3783
78123,71364,3.8731999999999998
9336,29718,9.2879
73218,44484,5.353899999999999
1688,1714,0.32789999999999997
14469,15708,4.4528
62028,59810,4.7518
61009,25775,5.6523
59499,63392,4.673
30482,47437,4.6507
43379,34449,8.2714
75104,58877,9.961799999999998
48036,66305,8.8316
24860,18032,7.5874
44317,66735,1.808
38188,70831,9.5722
84347,52775,9.148
64119,52985,4.1405
43261,80934,9.9568
44433,51974,8.9906
4703,2608,5.8011
58538,21919,7.0438
76521,64933,9.9581
17731,16140,7.646100000000001
37092,34268,2.923
85446,63158,5.3987
12347,31687,8.458
37383,43895,7.643
79973,43477,7.865399999999999
13047,31573,5.3355
15949,28824,6.078600000000001
57630,85897,9.5354
38515,17591,6.0638000000000005
38732,27604,8.3675
1700,11138,3.8365
82630,80531,2.5021999999999998
6556,4636,4.5155
6401,8631,5.8637
64730,75982,8.3338
64561,56648,4.5376
56515,22027,7.695399999999999
51735,24163,5.3026
9200,14058,5.7428
71327,67371,5.5712
76588,76830,5.0446
11863,32317,9.1769
28962,27213,2.4635
4845,10057,4.2332
83097,72682,5.102600000000001
31873,50188,6.136699999999999
45749,76292,7.9751
33160,43443,5.9718
64422,53611,9.3591
42305,57125,7.0933
15835,53253,8.3857
59986,75701,6.863300000000001
86167,62162,9.9254
44189,71649,3.9046
70195,66521,7.9368
34702,36737,1.9766
23889,24565,3.902
22358,38422,8.273299999999999
66688,78940,9.983799999999999
36054,41884,4.3597
74377,70581,5.4692
32058,10110,8.6415
34663,38327,3.5265999999999997
42071,57921,9.854700000000001
4979,15122,6.9343
85199,63797,3.868
19674,23001,3.8786
59202,25966,3.651
25808,84450,9.5356
66698,45359,5.916300000000001
36178,53174,6.3149
58215,20648,6.5687
42440,30385,6.7292
18387,32413,8.725
23650,24116,1.837
38260,44598,8.1802
33364,7613,8.8743
58082,41313,9.4261
44841,81970,8.6355
18103,1064,9.2695
77386,62060,5.371
31171,20732,9.6619
20438,24024,5.6081
84236,62342,7.6257
17905,23713,7.5747
83495,83480,1.8902999999999999
20421,48364,9.1654
77322,59048,9.1235
1488,11827,4.8523000000000005
32280,23449,8.0981
39984,14145,9.1593
47829,29497,5.6036
5204,2774,9.969299999999999
63568,51854,6.5363
7214,32526,8.7313
75342,50471,9.4146
7922,2063,1.9627999999999999
12765,6587,6.0409
74483,67401,6.4835
12086,37527,9.485
385,598,9.2609
82200,82061,1.4978
70921,38598,7.668
48171,53857,3.4968000000000004
6846,29248,7.493600000000001
86066,64664,6.9431
59682,25520,6.1788
3058,10319,7.9959
54086,63222,6.3852
69467,54293,4.8265
70755,82031,7.696899999999999
14884,9417,6.543699999999999
38849,53477,3.6085
19154,55709,9.861600000000001
53482,69642,7.1257
13237,3815,6.809
69681,70964,5.5924
80040,72665,2.2091
9215,28855,9.1448
77136,70117,8.6044
35022,13364,8.7637
31880,17367,1.8304
63832,85072,4.9273
20518,2830,5.807600000000001
25703,24298,1.6876
12555,25353,8.890799999999999
39786,34236,4.868399999999999
51965,68215,6.7137
50445,55463,8.0251
59279,59269,2.6875
47154,68906,9.415899999999999
11516,22903,6.125
15174,29073,4.7895
15592,5190,7.8428
81356,82881,1.701
82177,82943,2.5296
2594,8520,3.9964
77875,66249,4.5617
58200,47011,7.7597
65762,85605,5.0491
24689,21825,2.8336
81963,46736,6.0273
19942,31560,7.5916999999999994
29924,27617,1.1127
62357,57959,1.8356
6102,3366,4.5811
23280,49850,4.5041
48309,27219,8.5754
22759,62324,8.430299999999999
36248,33211,8.1307
22686,55436,9.223
28713,5111,7.3739
37307,28303,8.225299999999999
54201,44847,8.0303
37003,14066,9.895299999999999
76530,57595,5.447100000000001
10563,7362,3.7824
55485,56560,6.08
34656,44470,7.1897
78615,79729,5.2415
77793,56833,7.5655
9362,17050,7.2747
44895,44737,3.8435
28036,6806,9.7036
64431,76394,5.309699999999999
84608,85057,0.8803
69212,68266,3.978
80380,83146,9.876100000000001
36808,39836,2.561
23900,62614,9.9549
646,438,9.4878
45317,55442,8.866200000000001
5464,10927,6.785
57709,78570,7.418399999999999
20991,5569,9.3783
81513,72924,7.4093
44150,53137,9.4956
50444,47055,4.56
48585,62376,7.3297
6984,32783,9.2151
3787,7605,5.624899999999999
77346,68998,7.344600000000001
75061,46087,9.1067
60936,49183,9.763
37943,39622,1.053
39513,51190,9.7509
40103,52395,7.777399999999999
1925,5037,5.5348999999999995
43967,36595,6.4005
51237,63278,5.6135
34527,35149,2.1905
61894,76826,9.0968
85822,62397,7.4003000000000005
35825,47410,9.1284
46432,35721,8.631200000000002
67872,32881,8.3559
39220,59722,9.125399999999999
76896,52217,9.1515
40612,71816,8.447700000000001
57246,51553,4.7399
15962,10069,4.259399999999999
21305,25328,7.4568
1398,8695,8.7545
25695,51624,8.6703
48763,14032,8.7262
49742,30711,7.1209
38926,42026,5.1715
27960,43761,7.6777
66811,34942,7.8226
29520,5764,8.2883
7324,22633,9.2408
55001,56862,5.535399999999999
56988,25143,8.7575
55213,58696,8.7842
66338,39233,3.9446
1431,15013,7.0283
17130,59444,9.5894
81587,44038,9.3952
75431,75126,1.1473
49564,37133,8.53
16892,41284,9.9221
62183,56576,6.6828
76269,75590,3.1434
12015,19437,4.4327
26063,53147,9.3436
29197,7436,4.9483999999999995
46297,67866,5.2703
1622,9914,3.5425
84501,51302,9.8879
62027,77289,6.6849
23696,49816,7.0099
39566,79733,9.8457
83254,74166,9.0226
50637,64200,8.1625
52969,61389,6.591600000000001
33248,14055,6.766
50824,83649,9.0442
41751,34489,4.3244
33034,35418,4.19
10720,7962,3.7123000000000004
78380,81492,7.1148
52104,64540,7.124
31714,36794,7.4754
81342,78467,4.8382
6051,7731,3.1219
79411,67399,7.9193999999999996
85647,63776,5.7928999999999995
51143,25706,5.7767
32478,32936,1.1437
64457,57694,5.4592
70006,45118,7.9425
1142,11020,5.7641
41336,34240,5.3797
65903,61422,4.7429
25512,48006,5.6257
43098,74236,8.1575
10757,7326,5.8903
79413,70970,3.8789000000000002
74715,68566,5.2373
5400,32541,9.594899999999999
81516,45982,6.842899999999999
19222,48367,7.7845
67436,68264,2.3101
33781,55904,5.2889
17362,5532,9.2949
27492,5011,9.523200000000001
41006,55226,7.2794
74700,68704,4.2359
21195,2009,9.1664
49177,56435,4.8375
522,591,2.8068
39724,70461,6.2486999999999995
24578,63047,8.581
76779,60054,8.7805
9285,8942,1.4496
62145,84372,2.0934
14722,47576,6.6238
24690,56093,6.8713999999999995
31825,26031,8.2311
50595,34576,9.009
84509,62498,5.8713999999999995
33596,19319,8.3066
56116,64610,7.965
42445,69706,8.3978
32319,24385,5.9142
43922,46330,4.3667
46621,68883,9.5112
15946,35120,9.8433
60683,83521,2.105
32060,50779,5.2843
2785,10284,4.8386000000000005
61854,83608,2.358
39822,30619,5.49
30272,10623,9.5136
10018,10981,3.0164
57643,73056,6.6283
62251,48863,6.4818999999999996
85927,66084,2.143
27287,7449,4.274100000000001
61366,65329,6.735
60579,21826,9.008
72078,83262,9.099
83406,82584,8.201600000000001
15737,51616,8.2512
51149,75001,8.5617
83149,72340,8.630600000000001
12044,6071,5.4105
68187,43413,3.2481999999999998
71125,38546,7.9485
82684,46521,8.518799999999999
18380,48313,9.464
76190,57833,5.3166
35034,43307,6.3731
70409,80131,5.8813
7829,34729,7.1368
44932,41514,4.9273
23460,17727,3.0631
83967,52888,8.943200000000001
83169,80050,9.6783
16200,21136,1.5178
58025,50926,8.0706
59028,26476,3.7045
14752,8079,8.1768
36990,46848,9.0654
61579,61247,2.3368
61604,60409,2.795
6860,2296,8.7
19062,25452,9.3337
34743,31204,6.2257
66079,56803,9.2155
22485,48659,3.9833000000000003
19564,13393,7.6801
37018,71257,9.2376
26767,65170,7.8202
76523,58536,9.976899999999999
84260,62260,6.9782
68179,75628,8.0597
71153,57401,6.309
43630,34369,7.0684
84062,58763,5.9189
55978,67102,5.2341999999999995
79001,73275,5.0539
55372,78335,8.969899999999999
48491,15385,8.1035
18497,4404,9.6738
39627,56315,6.0243
45469,37744,9.3493
62211,59201,4.956
34825,37536,2.1155999999999997
29026,34784,3.8322
28889,36052,7.4632
48571,56186,6.377800000000001
67327,43927,5.6057
39515,57050,6.3176000000000005
23160,35102,8.1377
16089,8825,6.405600000000001
63670,73701,8.4361
4130,10625,7.7175
35906,39926,4.658600000000001
82623,45249,9.1284
72393,57359,9.678799999999999
53674,51288,4.3609
26623,26484,1.1272
9512,28371,7.1016
18862,47942,7.5748
4965,11977,6.5085
38587,71877,9.663799999999998
51496,47945,4.5146999999999995
79585,45871,5.0024
30832,33174,2.996
81132,67231,8.326799999999999
48830,52257,3.7634000000000003
47734,60477,8.7635
66632,43751,3.7948000000000004
70004,70442,7.0584
45189,44271,4.2173
46080,70842,0.8902
46643,46674,1.061
12912,9273,4.437
59330,52193,2.8646
42757,45718,4.317399999999999
3428,11046,9.4369
51027,26056,3.2487
81601,68001,7.6775
85677,64760,3.9595
29692,12752,6.196899999999999
78982,76563,5.440300000000001
59169,84184,5.3372
80259,72940,8.0597
24916,62888,9.5981
75875,66878,8.4022
31264,27250,4.7566999999999995
3983,31075,9.789200000000001
33038,22187,5.8081000000000005
6832,27162,5.8806
44941,74560,8.9707
11877,2739,3.5291
77290,52327,9.7104
63718,67747,9.5154
82060,74859,5.5032
32306,15745,5.6968000000000005
20820,51350,7.7329
43400,30740,7.499
13805,31172,3.7191
73544,82647,3.4123
15371,8555,5.5348999999999995
35136,37558,1.4219000000000002
40344,45540,6.6223
44531,81802,9.9899
56130,60978,9.992
60901,59515,3.1408
77654,63109,7.1478
53418,31291,5.7951999999999995
12124,10510,2.2872
53463,21198,9.4695
3717,1421,9.4076
82590,74593,7.2613
10844,18547,4.454
51877,69632,8.672799999999999
69339,86028,7.6306
6123,10217,3.2352
21264,7332,7.831300000000001
34405,29140,6.12
12731,14937,4.7511
57091,58566,7.8098
83127,81765,2.6366
59691,49171,6.333699999999999
51811,31086,7.7758
73908,72972,2.2833
70846,38820,9.2471
4055,4999,2.9533
41896,79876,9.189
83330,83362,1.264
63059,60604,4.1608
55907,35302,8.1222
64798,63044,2.5943
69733,63841,8.1236
70248,53919,8.396700000000001
70201,43046,8.2665
6090,22075,8.870700000000001
7242,30669,8.3225
61967,63469,7.2278
59826,64922,5.855300000000001
10928,47133,9.2774
3665,8296,6.7026
65152,85890,3.9251
35818,43879,6.533600000000001
73489,46454,7.8036
83707,64731,3.7863
50823,62095,9.6521
23504,53677,9.316799999999999
79480,67219,7.6066
81139,69068,9.867799999999999
50416,34019,9.5909
27522,4725,9.4276
36065,41615,3.6119
39601,29619,6.4493
15099,5435,6.2155
84691,63910,6.9956000000000005
65985,86153,6.3058000000000005
45274,57507,8.7104
76602,78169,4.3918
7593,19164,8.896
55675,50311,3.5206999999999997
40085,79590,9.7839
71514,79009,5.7188
75964,73095,8.961200000000002
58092,74986,1.9396
40457,41346,5.0587
54518,71286,7.9581
54340,37004,7.5339
35638,67203,9.643799999999999
39979,47920,6.961399999999999
29840,51637,8.3735
185,162,0.6546000000000001
79388,73315,5.184699999999999
42183,72903,8.321200000000001
57508,22801,9.2309
61407,77960,9.3599
29107,9214,8.1944
58428,38647,8.9171
40089,52050,6.1611
37372,54537,4.5026
32062,20445,8.9489
32591,13549,6.0179
81113,80518,1.2498
42142,28672,7.2321
78417,79031,1.5979
26756,49405,9.998899999999999
10621,24598,7.6961
34499,47504,8.595
28734,49227,7.9693000000000005