orig,dest,bike_trips
1,49,6
1,55,22
1,57,14
1,252,32
1,253,15
1,254,9
1,269,9
2,17,5
2,25,8
2,34,17
2,40,30
2,540,6
3,5,15
3,18,25
3,82,4
3,256,9
3,263,9
3,270,9
3,540,18
4,66,13
4,98,5
4,110,23
4,256,65
4,257,11
4,270,12
5,3,15
5,11,7
5,16,21
5,22,25
5,23,46
5,89,6
5,268,5
5,278,58
6,37,11
6,55,14
6,60,14
6,79,22
6,250,13
6,252,14
6,265,8
6,268,5
8,282,25
9,10,37
10,16,25
10,41,37
10,51,5
11,25,12
11,63,6
11,97,5
11,229,7
11,248,34
11,270,48
14,4,65
14,15,17
14,26,12
14,33,14
14,45,14
14,50,14
14,52,3
14,60,18
14,170,14
14,253,39
14,270,18
15,16,17
15,25,42
15,36,17
15,49,16
15,51,23
15,53,18
15,62,13
15,68,12
15,77,6
15,78,19
15,99,52
15,263,24
15,268,5
16,5,21
16,10,25
16,14,17
16,18,20
16,21,15
16,23,58
16,25,12
16,35,20
16,39,21
16,51,12
16,54,21
16,55,12
16,56,21
16,59,12
16,66,12
16,77,19
16,89,19
16,107,5
16,209,18
16,269,14
16,270,10
16,279,10
16,429,7
17,2,5
17,18,58
17,19,10
17,21,46
17,25,31
17,40,28
17,46,11
17,48,14
17,49,23
17,53,21
17,54,7
17,55,20
17,56,23
17,58,11
17,66,37
17,67,27
17,68,33
17,69,13
17,71,14
17,77,35
17,78,14
17,90,20
17,91,19
17,92,36
17,99,62
17,101,5
17,113,34
17,201,10
17,264,21
17,266,13
17,270,11
17,280,25
17,306,28
17,452,5
17,538,5
18,16,32
18,17,72
18,19,28
18,22,25
18,25,13
18,34,16
18,57,11
18,65,16
18,68,34
18,69,11
18,82,35
19,14,3
19,18,28
19,19,48
19,20,14
19,21,12
19,22,11
19,24,10
19,25,31
19,36,3
19,40,14
19,43,13
19,48,25
19,49,40
19,51,14
19,54,15
19,55,25
19,68,22
19,69,51
19,81,14
19,90,16
19,93,7
19,94,48
19,278,6
20,25,5
20,35,5
20,38,15
20,43,46
20,57,71
20,60,38
20,65,4
20,67,52
20,68,3
20,69,11
20,70,5
20,71,3
20,80,17
20,89,16
20,204,4
20,250,6
20,270,8
20,272,47
20,276,17
20,278,4
21,15,19
21,16,15
21,17,10
21,19,71
21,20,12
21,21,74
21,22,16
21,23,87
21,25,29
21,36,18
21,37,5
21,40,20
21,46,42
21,47,30
21,48,23
21,50,5
21,51,12
21,52,34
21,53,23
21,56,25
21,65,189
21,66,35
21,67,17
21,68,32
21,69,79
21,70,79
21,71,15
21,72,48
21,90,23
21,93,5
21,94,16
21,97,12
21,98,25
21,109,8
21,115,13
21,119,11
21,126,12
21,165,20
21,172,12
21,203,27
21,204,30
21,205,58
21,251,10
21,257,13
21,264,26
21,266,14
21,270,16
21,273,5
21,275,5
21,281,55
22,3,25
22,5,25
22,16,19
22,19,11
22,21,16
22,23,58
22,25,116
22,26,28
22,35,13
22,36,49
22,37,21
22,38,45
22,40,18
22,42,18
22,43,35
22,47,44
22,48,25
22,49,40
22,50,18
22,51,18
22,52,11
22,54,5
22,57,31
22,66,20
22,67,26
22,68,22
22,69,50
22,70,49
22,73,25
22,74,4
22,76,30
22,89,11
22,93,11
22,101,18
22,110,30
22,125,9
22,210,20
22,259,22
22,264,23
22,271,25
22,278,15
22,280,13
23,16,58
23,17,46
23,19,19
23,21,99
23,26,11
23,34,114
23,36,58
23,38,114
23,45,48
23,53,46
23,54,23
23,69,5
23,72,153
23,93,46
23,104,6
23,105,5
23,110,29
23,193,5
23,269,46
23,279,10
23,282,12
24,10,5
24,17,10
24,26,5
24,37,23
24,49,48
24,50,36
24,52,58
24,67,25
24,69,25
24,165,14
24,269,19
25,2,8
25,11,12
25,15,12
25,16,12
25,17,31
25,18,13
25,19,12
25,20,5
25,21,17
25,22,89
25,25,19
25,26,19
25,34,18
25,35,9
25,37,31
25,38,74
25,39,11
25,40,19
25,45,30
25,46,41
25,50,18
25,52,5
25,57,21
25,59,4
25,62,18
25,64,18
25,65,12
25,66,56
25,67,82
25,68,12
25,69,12
25,71,29
25,72,39
25,73,38
25,75,15
25,78,38
25,81,10
25,90,47
25,93,157
25,95,13
25,96,53
25,99,98
25,101,5
25,108,17
25,109,19
25,110,6
25,113,13
25,115,39
25,125,14
25,130,17
25,165,32
25,172,24
25,173,14
25,187,53
25,201,14
25,204,5
25,209,24
25,242,21
25,250,41
25,251,10
25,259,7
25,268,13
25,271,34
25,284,15
26,22,28
26,24,10
26,25,23
26,26,24
26,34,9
26,36,54
26,38,19
26,43,16
26,44,35
26,52,14
26,53,19
26,55,13
26,57,14
26,63,12
26,65,14
26,67,24
26,69,28
26,75,41
26,77,12
26,81,15
26,89,14
26,90,16
26,109,40
26,210,12
26,267,10
29,9,37
29,37,10
29,41,28
29,62,30
29,65,10
29,84,17
29,99,6
29,103,6
29,110,30
29,119,21
29,223,28
29,251,19
29,255,8
29,265,11
30,90,23
32,42,18
33,25,35
33,75,6
33,85,8
33,99,31
33,120,10
33,167,8
33,184,5
33,197,21
34,2,17
34,18,16
34,19,12
34,25,18
34,26,9
34,37,27
34,53,31
34,64,33
34,65,33
34,68,14
34,70,36
34,81,10
34,84,28
34,97,14
34,99,30
34,101,15
34,107,18
34,122,12
34,269,5
34,270,4
34,278,114
35,16,20
35,20,5
35,22,13
35,26,9
35,34,28
35,37,24
35,40,17
35,41,18
35,46,33
35,63,18
35,64,21
35,66,25
35,71,29
35,73,7
35,84,19
35,98,14
35,99,5
35,105,5
35,113,21
35,129,18
35,228,26
35,270,4
35,273,28
35,279,18
35,290,13
35,295,14
36,15,17
36,19,3
36,21,18
36,22,49
36,23,58
36,24,5
36,25,54
36,26,54
36,38,11
36,40,10
36,46,36
36,50,9
36,59,21
36,62,20
36,65,15
36,67,68
36,68,13
36,78,4
36,82,16
36,91,55
36,92,29
36,93,87
36,95,21
36,98,5
36,103,6
36,105,11
36,114,33
36,125,6
36,165,27
36,169,27
36,173,18
36,202,41
36,211,43
36,258,35
36,261,23
36,263,17
36,265,13
36,266,10
36,268,33
36,271,48
36,282,37
37,6,11
37,22,21
37,24,28
37,25,31
37,29,10
37,34,27
37,35,24
37,40,14
37,52,6
37,55,9
37,59,7
37,61,22
37,64,12
37,65,33
37,66,72
37,67,4
37,68,4
37,69,23
37,71,18
37,72,13
37,76,29
37,77,17
37,89,5
37,90,22
37,97,55
37,99,5
37,100,14
37,105,28
37,106,11
37,118,35
37,126,26
37,250,34
37,256,9
37,262,25
37,267,4
37,270,11
37,271,12
37,272,23
37,277,9
38,17,14
38,20,50
38,21,41
38,22,45
38,23,132
38,25,98
38,36,21
38,42,28
38,43,114
38,48,15
38,57,20
38,65,56
38,66,18
38,67,18
38,70,32
38,71,45
38,72,33
38,74,15
38,76,14
38,80,15
38,89,70
38,91,5
38,92,15
38,93,154
38,94,6
38,99,30
38,100,5
38,104,5
38,109,79
38,110,55
38,122,17
38,166,5
38,173,47
38,211,13
38,216,24
38,250,71
38,255,29
38,263,9
38,265,5
38,270,10
38,290,14
39,16,21
39,19,17
39,21,61
39,33,20
39,39,7
39,45,25
39,49,19
39,50,36
39,55,23
39,56,11
39,66,19
39,67,11
39,71,21
39,110,12
39,162,11
39,168,25
39,203,7
39,281,19
40,2,30
40,17,28
40,21,6
40,22,13
40,35,17
40,37,14
40,38,60
40,41,23
40,44,12
40,50,19
40,55,30
40,57,20
40,65,29
40,67,15
40,68,30
40,69,21
40,71,52
40,77,11
40,78,20
40,79,62
40,84,10
40,90,20
40,93,21
40,96,6
40,101,27
40,108,5
40,113,18
40,165,10
40,170,40
40,207,11
40,269,14
40,272,13
40,278,14
40,279,14
40,294,14
40,308,15
40,391,19
40,3632,20
41,22,58
41,29,66
41,35,18
41,44,48
41,48,6
41,50,23
41,52,30
41,63,37
41,66,20
41,69,109
41,78,28
41,97,117
41,108,5
41,119,26
41,147,5
41,165,27
41,203,13
41,219,17
41,263,10
41,277,8
41,278,4
41,282,33
42,22,18
42,32,18
42,36,18
42,38,22
42,47,18
42,51,20
42,53,14
42,66,6
42,68,46
42,69,37
42,73,7
42,94,33
42,99,31
42,104,5
42,108,8
42,109,6
42,110,30
42,164,42
42,249,36
42,266,16
42,270,9
42,271,17
42,274,5
42,487,7
43,19,13
43,20,23
43,22,22
43,26,16
43,37,22
43,38,104
43,40,13
43,41,58
43,62,18
43,70,12
43,74,23
43,77,32
43,90,4
43,93,6
43,94,63
43,95,10
43,97,18
43,104,11
43,117,9
43,125,27
43,167,23
43,191,13
43,203,23
43,211,30
43,217,25
43,249,25
43,259,31
43,264,30
43,266,23
43,278,7
43,281,19
43,282,16
43,549,26
44,26,35
44,38,21
44,45,47
44,46,41
44,55,48
44,65,9
44,68,12
44,70,39
44,71,12
44,77,60
44,173,23
44,189,12
44,201,12
44,266,18
44,270,24
44,273,28
44,277,4
45,15,30
45,44,47
45,48,31
45,55,57
45,59,14
45,65,16
45,67,23
45,71,98
45,72,52
45,73,23
45,76,7
45,84,23
45,90,20
45,93,143
45,95,54
45,97,5
45,102,125
45,110,23
45,126,6
45,167,19
45,172,42
45,173,23
45,186,17
45,205,13
45,227,13
45,243,11
45,250,14
45,258,13
45,264,14
45,270,4
45,271,4
45,278,50
45,280,28
45,282,38
45,305,25
45,528,19
46,21,18
46,22,28
46,25,14
46,34,12
46,36,36
46,40,21
46,41,48
46,49,37
46,53,18
46,54,18
46,55,35
46,56,17
46,57,17
46,60,17
46,67,39
46,69,53
46,70,31
46,71,34
46,73,11
46,75,6
46,77,8
46,89,4
46,91,21
46,94,6
46,101,38
46,167,33
46,197,16
46,201,41
46,270,5
46,317,14
46,546,19
46,1117,33
47,22,44
47,39,61
47,42,18
47,46,18
47,47,8
47,55,18
47,65,9
47,66,18
47,67,4
47,72,11
47,77,10
47,89,6
47,90,66
47,93,55
47,94,61
47,95,36
47,97,5
47,100,11
47,105,5
47,110,37
47,164,10
47,167,6
47,169,12
47,216,13
47,249,13
47,256,13
47,257,16
47,262,36
47,269,13
47,539,30
48,18,14
48,19,25
48,21,63
48,22,25
48,40,44
48,41,6
48,50,19
48,52,27
48,53,5
48,67,15
48,71,28
48,74,7
48,75,25
48,77,12
48,94,188
48,185,10
48,207,17
48,254,20
48,257,49
48,269,7
49,3,9
49,15,16
49,17,42
49,22,25
49,31,7
49,37,13
49,46,42
49,48,40
49,52,32
49,65,24
49,66,49
49,67,24
49,69,29
49,70,102
49,71,33
49,72,28
49,75,37
49,76,6
49,77,29
49,89,18
49,90,74
49,99,9
49,110,29
49,113,42
49,116,54
49,117,8
49,123,23
49,124,18
49,128,18
49,165,4
49,166,9
49,169,10
49,171,20
49,173,24
49,185,23
49,202,41
49,205,16
49,210,11
49,252,22
49,253,12
49,263,11
49,270,8
49,271,25
49,277,41
49,279,13
50,14,14
50,17,21
50,21,5
50,22,18
50,24,36
50,25,18
50,39,36
50,42,23
50,43,22
50,50,43
50,53,7
50,54,36
50,56,12
50,64,17
50,67,38
50,68,6
50,69,40
50,72,61
50,76,7
50,77,14
50,78,5
50,97,8
50,99,40
50,101,29
50,105,27
50,114,6
50,119,13
50,147,14
50,172,24
50,175,21
50,196,52
50,211,20
50,252,13
50,258,71
50,269,19
50,270,28
50,271,23
50,272,34
50,278,47
50,546,13
51,15,28
51,16,12
51,17,7
51,19,14
51,21,12
51,22,18
51,25,5
51,36,5
51,45,14
51,48,12
51,52,11
51,62,12
51,64,30
51,66,27
51,67,8
51,69,102
51,70,58
51,71,19
51,75,52
51,76,7
51,79,22
51,84,33
51,90,18
51,91,5
51,92,5
51,93,154
51,97,24
51,99,164
51,104,5
51,109,34
51,110,36
51,114,18
51,125,32
51,129,62
51,143,7
51,147,16
51,150,9
51,172,24
51,175,21
51,182,31
51,185,10
51,186,4
51,187,50
51,199,23
51,204,9
51,250,13
51,257,15
51,265,23
51,267,20
51,268,25
51,270,32
51,281,21
51,287,7
51,288,8
52,18,16
52,19,3
52,21,34
52,22,42
52,26,14
52,38,23
52,40,30
52,41,30
52,46,14
52,49,32
52,50,59
52,54,24
52,66,23
52,68,85
52,70,58
52,71,24
52,72,10
52,77,62
52,79,4
52,84,18
52,90,60
52,91,5
52,93,55
52,94,11
52,96,6
52,97,5
52,98,56
52,101,38
52,104,16
52,107,41
52,122,13
52,127,22
52,164,6
52,197,14
52,202,93
52,203,5
52,211,22
52,219,12
52,249,44
52,253,14
52,270,8
52,271,46
52,273,57
52,281,19
52,282,4
53,21,23
53,23,46
53,26,19
53,46,18
53,48,5
53,50,18
53,52,39
53,57,18
53,65,19
53,69,7
53,70,6
53,71,22
53,72,42
53,77,29
53,89,23
53,90,4
53,96,10
53,98,31
53,100,5
53,104,5
53,105,5
53,108,5
53,109,11
53,119,13
53,172,29
53,173,24
53,206,25
53,209,22
53,250,34
53,258,9
54,16,21
54,19,15
54,46,18
54,47,13
54,50,36
54,51,7
54,53,24
54,62,13
54,66,4
54,79,14
54,90,20
54,93,55
54,96,30
54,113,12
54,114,5
54,119,6
54,124,16
54,174,41
54,196,16
54,199,18
54,259,10
54,263,12
54,264,6
54,266,20
54,267,28
54,269,6
54,271,5
54,445,16
55,1,22
55,6,14
55,16,12
55,17,20
55,19,25
55,21,48
55,26,13
55,37,83
55,39,23
55,45,49
55,46,35
55,47,18
55,52,52
55,62,18
55,64,11
55,67,11
55,68,17
55,70,125
55,71,8
55,72,115
55,73,55
55,75,7
55,76,36
55,77,12
55,79,15
55,82,4
55,84,19
55,89,17
55,90,88
55,91,10
55,93,72
55,94,63
55,95,27
55,96,125
55,99,39
55,100,5
55,104,5
55,105,10
55,110,118
55,113,13
55,115,32
55,120,11
55,124,21
55,125,16
55,266,50
55,268,26
55,272,13
55,277,8
55,538,16
56,16,21
56,17,23
56,46,17
56,63,5
56,66,11
56,75,6
56,79,18
56,104,13
56,122,19
56,124,16
56,187,25
56,250,13
56,254,13
56,256,10
56,264,9
56,268,77
56,271,11
56,273,27
57,1,14
57,18,11
57,20,71
57,22,31
57,25,21
57,26,14
57,38,15
57,40,20
57,46,17
57,65,14
57,67,6
57,69,14
57,71,5
57,72,167
57,73,8
57,75,6
57,77,19
57,79,22
57,84,19
57,86,11
57,89,89
57,90,90
57,92,15
57,93,6
57,94,6
57,96,17
57,97,132
57,102,11
57,106,8
57,108,37
57,110,6
57,115,9
57,122,13
57,191,4
57,202,15
57,204,23
57,205,61
57,211,66
57,254,8
57,263,20
57,264,18
57,265,16
57,269,10
57,270,28
57,271,7
57,272,6
57,274,5
57,276,26
57,282,33
57,319,24
57,523,8
57,538,11
57,541,10
58,17,11
58,49,29
58,67,29
58,268,5
59,18,12
59,36,21
59,51,14
59,62,10
59,74,14
59,90,39
59,211,35
59,263,18
60,6,14
60,14,18
60,20,38
60,25,19
60,46,17
60,57,33
60,68,14
60,89,26
60,90,10
60,91,56
60,114,10
60,119,11
60,200,25
60,269,9
60,282,16
61,37,22
61,53,16
61,65,16
61,68,23
61,77,19
61,90,22
62,15,13
62,25,18
62,29,30
62,36,20
62,37,12
62,51,12
62,54,13
62,55,18
62,56,11
62,66,54
62,69,63
62,80,22
62,89,8
62,100,5
62,105,62
62,110,6
62,112,18
62,113,34
62,114,34
62,166,9
62,257,27
62,271,6
62,3647,10
63,11,6
63,26,12
63,38,18
63,41,37
63,47,15
63,67,11
63,90,18
63,91,22
63,97,5
63,100,5
63,101,5
63,105,14
63,119,6
63,148,15
63,166,8
63,272,9
63,274,12
63,278,6
64,25,30
64,35,21
64,37,12
64,50,17
64,51,30
64,55,11
64,57,13
64,59,21
64,66,43
64,68,16
64,69,18
64,70,3
64,72,5
64,90,13
64,93,21
64,96,6
64,98,21
64,105,3
64,222,14
64,278,4
64,286,26
65,20,4
65,21,193
65,22,18
65,24,48
65,26,14
65,29,10
65,34,14
65,36,15
65,37,29
65,38,53
65,39,19
65,40,11
65,45,16
65,52,16
65,53,51
65,57,45
65,61,16
65,64,12
65,67,45
65,68,22
65,75,16
65,79,18
65,80,13
65,82,23
65,90,30
65,92,10
65,93,110
65,97,41
65,98,132
65,99,38
65,101,43
65,103,6
65,108,5
65,109,45
65,113,7
65,119,5
65,122,17
65,165,11
65,167,7
65,195,12
65,238,18
65,241,13
65,254,12
65,256,12
65,257,17
65,258,11
65,263,12
65,264,7
65,266,13
65,267,5
65,268,33
65,270,26
65,277,27
65,285,26
65,301,35
65,347,15
65,542,48
66,16,12
66,17,37
66,21,58
66,22,20
66,25,93
66,26,7
66,34,31
66,35,10
66,37,40
66,38,18
66,41,20
66,43,18
66,47,18
66,48,18
66,49,49
66,51,27
66,52,51
66,54,4
66,57,11
66,62,47
66,64,43
66,65,18
66,66,40
66,67,13
66,68,96
66,69,60
66,70,92
66,71,40
66,72,61
66,74,16
66,75,43
66,77,57
66,80,24
66,81,10
66,84,54
66,89,105
66,90,59
66,92,33
66,95,60
66,96,11
66,97,129
66,98,39
66,99,36
66,100,15
66,101,5
66,102,6
66,103,19
66,105,9
66,107,5
66,108,66
66,109,13
66,110,29
66,113,32
66,114,31
66,117,9
66,122,22
66,125,26
66,147,11
66,166,5
66,167,7
66,172,22
66,173,9
66,175,6
66,211,17
66,251,14
66,255,21
66,256,12
66,257,15
66,259,4
66,266,8
66,268,7
66,270,32
66,282,15
66,285,25
66,287,6
66,290,7
66,294,12
66,300,29
66,302,19
66,303,21
66,540,30
67,4,13
67,17,21
67,20,52
67,21,41
67,23,11
67,24,25
67,25,33
67,26,13
67,36,41
67,38,13
67,40,15
67,45,23
67,46,53
67,47,4
67,48,7
67,50,19
67,51,7
67,55,8
67,57,6
67,58,29
67,63,11
67,65,46
67,66,24
67,67,17
67,68,14
67,69,27
67,70,63
67,71,36
67,75,42
67,76,4
67,77,12
67,79,4
67,80,4
67,84,22
67,89,44
67,90,81
67,91,29
67,92,5
67,93,32
67,94,84
67,95,31
67,96,52
67,97,5
67,98,132
67,99,36
67,100,5
67,102,5
67,104,132
67,105,8
67,106,6
67,107,5
67,108,16
67,110,60
67,114,84
67,118,18
67,119,24
67,122,12
67,166,7
67,172,64
67,203,24
67,211,27
67,250,11
67,254,51
67,255,8
67,258,46
67,270,37
67,272,13
67,273,15
67,280,49
67,290,7
68,15,12
68,17,33
68,18,34
68,19,22
68,20,3
68,21,32
68,22,37
68,25,12
68,34,14
68,36,13
68,37,17
68,42,19
68,44,12
68,45,17
68,48,25
68,51,20
68,52,128
68,53,10
68,60,14
68,61,23
68,65,22
68,66,37
68,67,8
68,68,67
68,69,62
68,70,18
68,71,27
68,72,16
68,73,8
68,75,168
68,78,54
68,79,15
68,90,8
68,95,11
68,99,31
68,101,25
68,102,125
68,104,25
68,105,79
68,109,11
68,110,30
68,114,5
68,115,17
68,116,15
68,119,23
68,150,48
68,165,50
68,173,27
68,185,30
68,187,29
68,197,15
68,201,33
68,207,16
68,251,70
68,252,13
68,257,12
68,262,18
68,270,15
68,271,11
68,276,15
68,280,4
68,282,51
68,287,10
68,497,15
68,532,10
69,11,34
69,14,14
69,18,11
69,19,20
69,21,73
69,22,74
69,23,5
69,24,25
69,25,7
69,26,15
69,34,36
69,36,41
69,37,23
69,38,19
69,39,12
69,41,109
69,42,58
69,46,18
69,50,40
69,51,87
69,52,6
69,53,11
69,58,29
69,59,10
69,62,41
69,64,18
69,66,27
69,67,27
69,68,66
69,70,99
69,71,60
69,72,162
69,73,135
69,74,170
69,75,68
69,77,16
69,79,40
69,90,34
69,92,5
69,93,198
69,94,174
69,95,84
69,96,21
69,97,12
69,99,56
69,101,60
69,104,39
69,106,17
69,108,5
69,109,6
69,110,48
69,113,13
69,115,76
69,116,17
69,117,24
69,118,8
69,119,84
69,122,49
69,124,77
69,147,11
69,172,77
69,173,79
69,177,11
69,185,17
69,186,11
69,197,8
69,203,30
69,205,34
69,218,36
69,248,32
69,250,9
69,254,15
69,256,20
69,257,23
69,263,11
69,266,20
69,268,8
69,270,36
69,271,41
69,273,52
69,276,4
69,277,31
69,278,47
69,279,13
69,465,43
69,540,17
69,588,11
69,3152,11
70,20,5
70,21,62
70,22,49
70,24,58
70,40,21
70,44,59
70,46,44
70,47,36
70,48,11
70,49,80
70,51,58
70,55,125
70,64,3
70,67,63
70,69,72
70,70,7
70,71,34
70,73,14
70,74,116
70,75,45
70,78,43
70,81,8
70,93,18
70,101,5
70,105,74
70,107,10
70,108,11
70,118,16
70,166,137
70,169,17
70,171,20
70,201,25
70,202,6
70,269,27
70,273,30
70,279,22
70,313,22
71,20,3
71,21,15
71,22,43
71,23,48
71,25,29
71,35,29
71,37,18
71,38,18
71,39,35
71,40,52
71,44,12
71,45,84
71,46,34
71,49,33
71,51,19
71,52,24
71,53,22
71,57,5
71,66,73
71,67,36
71,68,27
71,69,114
71,70,59
71,71,29
71,72,150
71,73,114
71,76,29
71,90,20
71,93,44
71,94,38
71,95,59
71,100,123
71,103,6
71,104,11
71,109,11
71,110,79
71,114,24
71,115,6
71,117,13
71,147,11
71,169,5
71,170,8
71,185,18
71,187,15
71,204,29
71,211,27
71,216,31
71,218,10
71,252,10
71,266,9
71,270,28
71,272,18
71,273,12
71,278,37
72,17,20
72,22,25
72,23,89
72,25,13
72,36,26
72,38,33
72,45,39
72,46,48
72,47,11
72,49,41
72,52,10
72,53,44
72,55,115
72,57,167
72,64,5
72,66,78
72,68,16
72,69,147
72,71,150
72,72,145
72,73,52
72,74,49
72,75,50
72,77,36
72,79,4
72,93,125
72,94,34
72,96,5
72,97,5
72,110,67
72,114,34
72,124,24
72,125,13
72,134,5
72,147,5
72,173,51
72,178,17
72,183,6
72,186,18
72,188,23
72,203,43
72,204,26
72,205,40
72,206,5
72,259,10
72,271,11
72,277,22
72,281,37
72,282,18
72,452,43
73,25,38
73,35,7
73,47,55
73,50,7
73,57,8
73,68,8
73,69,50
73,70,7
73,71,204
73,72,52
73,73,93
73,74,53
73,75,79
73,89,44
73,90,18
73,93,243
73,94,58
73,96,55
73,98,7
73,100,5
73,102,11
73,105,40
73,110,58
73,119,16
73,166,5
73,167,33
73,172,17
73,176,15
73,204,23
73,236,14
73,253,28
73,528,7
74,38,15
74,43,7
74,48,7
74,50,7
74,52,4
74,66,7
74,68,58
74,69,192
74,70,116
74,72,49
74,73,31
74,74,7
74,75,11
74,77,5
74,90,21
74,91,7
74,92,5
74,93,194
74,94,6
74,95,147
74,96,12
74,100,16
74,101,22
74,107,66
74,108,9
74,263,9
74,278,22
75,19,14
75,22,39
75,25,16
75,26,41
75,45,55
75,54,4
75,55,7
75,66,81
75,67,68
75,68,192
75,69,11
75,70,26
75,72,36
75,73,79
75,74,94
75,75,55
75,76,53
75,77,5
75,78,7
75,79,43
75,90,59
75,93,32
75,94,6
75,95,17
75,97,11
75,100,20
75,103,6
75,104,16
75,107,87
75,108,14
75,110,6
75,113,17
75,115,60
75,139,15
75,147,76
75,166,5
75,167,4
75,173,19
75,202,36
75,256,17
75,258,19
75,263,11
75,272,7
75,281,37
75,306,22
76,37,16
76,38,4
76,45,7
76,51,16
76,52,30
76,55,91
76,68,13
76,69,96
76,71,29
76,74,11
76,81,7
76,90,18
76,91,10
76,94,53
76,101,7
76,109,23
76,147,5
76,186,29
76,266,8
76,268,13
76,269,7
76,271,13
76,272,30
76,279,28
77,16,7
77,17,58
77,26,26
77,30,12
77,37,7
77,39,19
77,40,11
77,43,32
77,47,10
77,49,29
77,50,11
77,51,12
77,52,29
77,53,11
77,57,19
77,61,19
77,66,35
77,67,35
77,68,11
77,69,16
77,72,36
77,74,9
77,75,7
77,77,12
77,79,22
77,89,20
77,90,58
77,91,36
77,92,112
77,93,11
77,94,53
77,97,11
77,99,62
77,102,15
77,106,83
77,107,18
77,108,14
77,109,25
77,113,11
77,114,6
77,115,60
77,117,12
77,119,8
77,170,47
77,173,30
77,185,14
77,203,44
77,209,19
77,250,17
77,252,17
77,253,21
77,255,33
77,263,72
77,268,17
77,270,19
77,272,14
77,273,13
77,274,33
77,276,6
77,281,19
77,282,15
77,287,10
77,296,12
78,15,19
78,17,14
78,25,55
78,26,14
78,37,6
78,40,51
78,41,28
78,65,57
78,66,26
78,69,24
78,77,12
78,79,35
78,89,62
78,90,30
78,91,5
78,92,50
78,99,39
78,101,5
78,102,55
78,108,28
78,110,7
78,113,32
78,116,36
78,124,22
78,147,5
78,203,27
78,210,43
78,250,9
78,253,16
78,270,10
78,277,27
78,290,6
79,6,22
79,40,62
79,43,18
79,51,22
79,54,14
79,55,15
79,56,18
79,57,22
79,65,36
79,66,40
79,67,4
79,68,15
79,69,40
79,75,47
79,77,4
79,78,35
79,81,8
79,92,18
79,95,18
79,114,41
79,203,26
80,38,15
80,39,17
80,62,22
80,65,13
80,66,7
80,67,4
80,109,18
81,26,15
81,66,21
81,70,8
81,75,14
81,76,7
81,79,8
81,81,50
81,98,5
81,280,10
81,287,23
82,3,4
82,18,35
82,36,16
82,55,4
82,65,23
82,109,4
83,75,19
84,29,17
84,35,47
84,40,10
84,45,23
84,51,33
84,52,18
84,55,19
84,57,19
84,66,54
84,67,22
84,89,19
84,93,18
84,98,14
84,99,22
84,268,34
84,290,69
84,316,32
85,90,4
85,143,100
85,287,8
86,305,11
89,11,5
89,20,16
89,21,5
89,37,14
89,38,32
89,46,4
89,49,18
89,53,23
89,55,27
89,57,89
89,60,26
89,65,15
89,66,105
89,67,74
89,73,44
89,77,59
89,78,46
89,84,19
89,89,14
89,90,99
89,93,11
89,94,20
89,95,9
89,96,11
89,98,19
89,99,31
89,100,91
89,101,38
89,102,6
89,103,12
89,109,20
89,110,100
89,115,31
89,118,42
89,126,16
89,169,10
89,171,14
89,186,26
89,215,14
89,249,28
89,265,16
89,581,8
89,3864,58
90,17,27
90,25,39
90,26,16
90,30,23
90,35,4
90,36,4
90,37,39
90,38,12
90,43,4
90,45,27
90,47,62
90,50,24
90,51,12
90,52,103
90,54,20
90,55,107
90,57,75
90,59,46
90,60,10
90,61,22
90,63,18
90,64,13
90,65,35
90,66,70
90,67,69
90,68,19
90,69,45
90,71,20
90,72,22
90,73,18
90,74,7
90,75,55
90,77,54
90,78,26
90,89,99
90,90,161
90,91,4
90,92,9
90,93,10
90,94,86
90,95,22
90,97,41
90,98,41
90,99,200
90,100,22
90,101,5
90,105,74
90,106,10
90,109,32
90,110,28
90,113,3
90,114,45
90,115,5
90,122,9
90,173,30
90,191,18
90,197,21
90,209,21
90,250,11
90,257,13
90,268,34
90,272,36
90,277,9
91,25,18
91,36,55
91,38,5
91,45,23
91,46,21
91,47,37
91,50,5
91,51,5
91,55,10
91,60,56
91,63,5
91,66,5
91,67,29
91,70,20
91,74,7
91,76,5
91,77,32
91,78,5
91,90,4
91,97,5
91,99,5
91,103,31
91,278,6
92,17,21
92,37,5
92,38,15
92,51,5
92,66,33
92,67,5
92,69,5
92,72,20
92,74,5
92,76,5
92,77,55
92,79,18
92,90,9
92,93,79
92,96,63
92,100,60
92,101,5
92,105,5
92,106,6
92,108,5
92,109,9
92,113,5
92,118,18
92,119,20
92,174,5
92,203,5
92,267,6
92,283,14
93,5,6
93,15,6
93,23,46
93,25,157
93,36,116
93,38,177
93,43,6
93,46,21
93,49,6
93,51,154
93,52,55
93,54,55
93,55,72
93,57,20
93,65,110
93,66,10
93,67,5
93,69,159
93,71,81
93,72,18
93,73,343
93,74,94
93,75,165
93,77,6
93,78,50
93,89,6
93,90,24
93,93,110
93,95,188
93,96,135
93,97,55
93,99,131
93,101,18
93,102,21
93,103,80
93,105,26
93,106,6
93,107,15
93,108,8
93,113,19
93,114,66
93,120,11
93,125,18
93,142,18
93,170,27
93,172,63
93,187,31
93,204,88
93,205,34
93,216,6
93,268,55
93,271,110
93,313,49
93,540,80
94,19,48
94,21,16
94,25,112
94,33,6
94,38,11
94,40,14
94,42,33
94,43,63
94,45,23
94,47,40
94,48,188
94,49,6
94,52,6
94,55,63
94,57,6
94,63,15
94,67,30
94,69,180
94,71,59
94,72,28
94,73,58
94,74,6
94,76,53
94,77,53
94,78,6
94,89,41
94,90,86
94,92,11
94,93,18
94,94,117
94,95,77
94,96,6
94,99,34
94,101,40
94,103,6
94,105,43
94,127,15
94,165,6
94,167,21
94,169,6
94,170,21
94,173,44
94,187,14
94,263,23
94,3669,14
95,21,30
95,25,13
95,36,21
95,43,34
95,45,6
95,55,27
95,66,48
95,67,31
95,68,11
95,69,54
95,71,10
95,72,12
95,74,147
95,79,18
95,90,27
95,93,241
95,95,15
95,96,6
95,98,125
95,99,15
95,101,20
95,102,104
95,103,11
95,104,175
95,105,54
95,107,43
95,114,9
95,125,19
95,167,14
95,170,21
95,172,9
95,185,17
96,21,34
96,37,66
96,40,6
96,47,6
96,55,181
96,57,17
96,62,15
96,64,6
96,66,11
96,67,52
96,68,10
96,70,125
96,72,5
96,74,12
96,89,6
96,93,11
96,94,65
96,95,6
96,97,5
96,101,61
96,102,55
96,107,5
96,132,12
96,186,29
96,203,10
96,209,44
96,270,7
97,22,11
97,34,14
97,41,117
97,45,5
97,47,5
97,50,8
97,51,5
97,55,10
97,56,6
97,57,132
97,63,5
97,65,10
97,66,121
97,67,5
97,69,12
97,72,5
97,75,5
97,77,15
97,89,5
97,90,15
97,93,50
97,96,71
97,97,26
97,98,5
97,99,167
97,100,21
97,101,31
97,102,181
97,103,19
97,104,27
97,107,166
97,108,5
97,109,18
97,114,24
97,188,5
97,196,12
97,266,8
98,4,5
98,21,25
98,22,19
98,35,14
98,36,5
98,52,79
98,65,132
98,66,5
98,67,132
98,72,125
98,73,7
98,81,5
98,84,14
98,89,37
98,90,31
98,92,5
98,94,14
98,97,10
98,101,49
98,102,162
98,105,115
98,107,34
98,109,86
98,113,71
98,114,9
98,204,132
99,15,52
99,17,62
99,25,81
99,29,6
99,33,31
99,34,30
99,37,5
99,38,30
99,42,31
99,49,9
99,50,40
99,51,164
99,55,39
99,62,6
99,65,38
99,66,41
99,67,36
99,68,31
99,69,56
99,75,20
99,77,62
99,78,39
99,84,22
99,89,57
99,90,176
99,91,23
99,93,156
99,94,34
99,97,167
99,99,24
99,100,60
99,107,9
99,109,14
99,110,54
99,113,5
99,114,30
99,115,10
99,116,31
99,118,24
99,148,5
99,269,24
100,25,5
100,47,11
100,48,5
100,53,5
100,55,62
100,56,5
100,62,5
100,66,15
100,67,5
100,71,123
100,73,5
100,89,19
100,90,22
100,92,60
100,95,30
100,97,10
100,99,50
100,100,11
100,103,68
100,104,11
100,107,20
100,113,5
100,146,5
101,22,18
101,36,33
101,40,27
101,49,24
101,50,29
101,51,5
101,63,5
101,64,16
101,65,38
101,66,5
101,68,9
101,69,30
101,70,5
101,74,22
101,76,7
101,77,7
101,78,5
101,89,38
101,90,43
101,92,11
101,93,23
101,94,12
101,95,5
101,96,117
101,97,27
101,98,49
101,99,5
101,100,15
101,101,9
101,102,179
101,103,6
101,105,9
101,107,30
101,110,30
101,113,22
101,114,46
101,120,13
101,143,63
101,163,148
101,164,20
101,176,38
101,203,57
101,270,26
101,290,7
102,17,11
102,34,15
102,45,125
102,50,6
102,57,11
102,66,6
102,68,125
102,78,55
102,93,21
102,95,32
102,97,195
102,98,162
102,101,219
102,103,79
102,104,68
102,108,38
102,110,51
102,118,38
102,156,15
102,160,30
102,165,42
102,190,33
102,278,4
103,29,6
103,36,6
103,65,6
103,66,19
103,71,6
103,74,9
103,75,6
103,89,12
103,92,6
103,93,38
103,94,6
103,95,11
103,100,5
103,101,11
103,105,5
103,109,7
103,125,25
103,165,6
103,170,75
103,186,72
103,193,6
103,204,63
103,282,51
103,315,36
103,415,6
104,20,11
104,23,6
104,38,5
104,42,9
104,51,91
104,52,5
104,53,5
104,56,13
104,67,132
104,68,20
104,69,39
104,70,27
104,71,5
104,73,5
104,74,11
104,75,11
104,90,18
104,93,5
104,95,17
104,97,9
104,101,5
104,104,17
104,105,221
104,107,5
104,113,7
104,147,40
104,167,16
104,187,127
104,205,18
104,216,5
104,218,14
105,23,5
105,35,5
105,36,11
105,47,5
105,49,74
105,50,19
105,51,8
105,52,5
105,53,5
105,55,5
105,57,66
105,62,62
105,64,3
105,65,5
105,66,9
105,68,79
105,69,53
105,71,49
105,73,40
105,78,16
105,92,5
105,93,26
105,94,43
105,95,202
105,97,140
105,98,115
105,101,5
105,102,63
105,104,5
105,106,85
105,107,6
105,109,5
105,110,10
105,113,15
105,117,14
105,118,5
105,125,27
105,147,45
105,164,10
105,165,9
105,166,51
105,169,5
105,170,13
105,172,33
105,185,17
105,211,5
105,268,15
105,270,8
105,272,23
105,278,74
105,283,80
105,310,74
106,36,10
106,57,8
106,65,5
106,69,6
106,74,5
106,77,44
106,89,6
106,90,25
106,93,6
106,95,6
106,97,11
106,103,6
106,105,90
106,106,9
106,110,6
106,119,26
106,125,8
106,147,10
106,166,5
106,185,17
107,16,5
107,34,18
107,40,5
107,52,41
107,65,41
107,66,5
107,70,5
107,74,57
107,93,5
107,96,5
107,97,130
107,98,34
107,99,24
107,100,5
107,101,36
107,103,21
107,104,5
107,105,179
107,107,6
107,108,5
107,109,6
107,110,9
107,114,37
107,119,50
107,124,32
107,125,11
107,166,44
107,186,4
107,251,34
107,264,5
107,273,7
107,3605,7
108,25,17
108,40,5
108,41,5
108,42,8
108,57,37
108,65,5
108,66,62
108,67,22
108,69,5
108,70,5
108,74,5
108,75,14
108,77,14
108,78,28
108,90,15
108,97,26
108,105,9
108,106,5
108,107,5
108,108,35
108,109,5
108,110,38
108,113,31
108,114,40
108,115,14
108,120,38
108,128,10
108,187,60
108,265,5
108,287,6
109,21,8
109,25,6
109,26,47
109,38,79
109,42,6
109,43,18
109,51,34
109,53,11
109,57,6
109,62,8
109,65,45
109,66,20
109,68,6
109,69,6
109,71,11
109,76,23
109,77,11
109,80,18
109,82,4
109,89,13
109,98,86
109,99,29
109,103,7
109,106,26
109,108,36
109,110,13
109,113,86
109,114,10
109,205,23
109,279,6
109,304,14
110,4,23
110,19,16
110,25,6
110,29,30
110,35,18
110,38,51
110,42,30
110,45,23
110,49,29
110,51,16
110,55,118
110,62,12
110,65,28
110,67,43
110,69,78
110,71,65
110,72,67
110,73,58
110,74,9
110,75,6
110,78,7
110,89,64
110,90,11
110,91,68
110,93,24
110,94,23
110,98,37
110,99,30
110,101,24
110,102,51
110,103,20
110,105,10
110,107,6
110,108,86
110,109,6
110,110,227
110,113,71
110,114,16
110,119,9
110,126,29
110,297,14
110,301,16
110,539,6
112,62,18
112,115,21
112,169,18
113,17,34
113,40,18
113,49,42
113,54,12
113,55,13
113,62,34
113,65,7
113,66,31
113,69,19
113,75,13
113,77,11
113,78,32
113,89,5
113,90,9
113,93,19
113,97,5
113,99,5
113,101,22
113,104,7
113,105,15
113,109,100
113,110,71
113,113,31
113,114,27
113,115,42
113,122,38
113,125,8
113,187,7
113,258,4
113,267,4
113,291,40
114,36,33
114,49,37
114,51,49
114,54,5
114,60,10
114,62,34
114,66,65
114,67,116
114,71,24
114,72,34
114,73,34
114,79,41
114,85,4
114,90,30
114,95,9
114,97,34
114,98,9
114,101,46
114,102,6
114,108,7
114,109,20
114,110,16
114,113,17
114,114,63
114,115,14
114,116,10
114,118,34
114,120,49
114,123,21
114,125,6
114,147,6
114,270,7
114,307,7
114,3849,4
115,21,13
115,25,39
115,44,60
115,47,5
115,55,32
115,57,9
115,66,32
115,68,17
115,69,80
115,71,6
115,75,60
115,89,31
115,93,6
115,94,6
115,99,10
115,108,14
115,112,21
115,114,10
115,119,15
115,120,21
115,125,73
115,126,5
115,147,10
115,187,39
115,202,39
116,49,54
116,68,15
116,69,17
116,79,23
116,99,31
116,114,10
116,119,18
116,120,38
116,124,4
116,125,35
116,131,5
117,38,13
117,43,9
117,49,8
117,63,14
117,66,9
117,69,17
117,77,12
117,120,6
117,123,13
117,163,9
117,202,19
117,204,23
117,290,13
118,37,35
118,52,23
118,66,19
118,67,18
118,69,8
118,70,16
118,75,44
118,89,19
118,92,18
118,99,24
118,105,5
118,118,54
118,119,52
118,125,59
118,129,38
118,146,8
118,163,11
118,167,23
118,170,8
118,185,18
119,21,11
119,29,21
119,50,13
119,53,13
119,57,6
119,60,11
119,63,6
119,65,5
119,67,24
119,68,23
119,69,84
119,73,16
119,77,8
119,90,8
119,92,20
119,106,26
119,107,50
119,110,9
119,115,15
119,116,56
119,118,52
119,119,11
119,120,15
119,122,33
119,124,27
119,181,42
119,211,16
119,307,34
119,367,24
119,3702,6
120,33,10
120,55,11
120,56,19
120,102,38
120,114,49
120,115,21
120,117,6
120,119,80
120,120,38
120,121,11
120,122,31
120,125,84
120,126,15
120,127,21
120,128,15
120,186,6
120,228,28
121,97,11
122,34,12
122,38,17
122,52,13
122,57,13
122,60,12
122,65,17
122,66,22
122,67,12
122,69,49
122,90,9
122,113,38
122,118,8
122,119,33
122,120,31
122,124,17
122,125,25
122,127,97
122,231,49
122,254,9
122,341,31
123,49,23
123,114,21
123,117,13
123,125,67
123,304,18
124,49,18
124,53,24
124,54,16
124,55,21
124,56,16
124,69,77
124,78,22
124,107,32
124,116,4
124,120,27
124,124,193
124,125,39
124,168,21
124,204,5
124,268,18
124,307,16
124,358,11
125,22,9
125,25,14
125,36,6
125,43,27
125,51,19
125,55,16
125,66,26
125,72,13
125,84,18
125,103,6
125,105,27
125,106,8
125,107,11
125,113,8
125,114,71
125,115,73
125,116,35
125,118,13
125,120,84
125,122,42
125,123,67
125,124,22
125,125,117
125,130,22
125,143,42
125,165,19
125,172,15
125,211,12
125,532,87
126,21,12
126,23,29
126,37,26
126,89,16
126,90,6
126,115,5
126,120,15
126,127,26
126,129,15
126,3670,25
127,46,14
127,55,22
127,94,15
127,120,21
127,122,97
127,126,26
127,127,32
127,146,23
127,147,38
127,344,15
127,391,15
128,53,18
128,108,10
128,124,17
128,127,15
128,149,14
128,287,6
129,35,18
129,51,62
129,122,8
129,126,15
129,292,22
130,25,17
130,125,22
130,313,17
130,476,17
131,116,5
131,340,21
132,96,12
132,134,8
133,134,8
133,135,23
134,72,5
134,133,8
134,134,8
134,170,19
134,401,19
135,133,23
135,383,11
137,150,48
137,154,26
139,25,15
139,277,30
140,53,18
140,176,20
141,169,9
142,93,18
143,51,7
143,85,100
143,101,63
143,105,16
143,125,42
143,345,3
146,100,5
146,120,15
146,129,8
146,130,18
146,147,76
146,166,10
146,175,8
146,371,7
147,41,5
147,50,14
147,66,11
147,71,11
147,74,5
147,75,76
147,76,21
147,77,6
147,78,5
147,104,40
147,105,45
147,106,10
147,113,10
147,127,38
147,146,76
148,35,5
148,94,15
148,203,54
149,128,14
150,51,9
150,68,48
150,137,48
150,203,22
150,210,9
150,216,5
150,430,48
152,143,16
152,264,103
152,313,103
154,137,26
156,102,15
156,179,20
157,175,17
157,179,14
157,264,25
158,152,16
158,156,20
158,165,124
158,178,48
158,191,19
159,192,17
160,102,30
161,172,17
162,39,11
162,213,12
163,20,7
163,101,200
163,117,9
164,42,42
164,47,10
164,101,20
164,105,10
164,145,10
164,165,6
164,168,40
164,172,69
164,174,104
165,21,20
165,24,14
165,25,37
165,36,35
165,40,10
165,41,27
165,49,4
165,52,6
165,65,11
165,66,6
165,74,50
165,89,6
165,95,19
165,102,42
165,158,124
165,283,14
165,298,7
165,2122,19
166,38,5
166,49,9
166,55,99
166,62,9
166,63,8
166,66,5
166,70,12
166,73,5
166,75,5
166,96,125
166,105,51
166,106,5
166,108,7
166,118,44
166,146,10
166,170,15
166,203,9
167,33,8
167,35,33
167,38,14
167,47,6
167,65,7
167,66,7
167,73,67
167,75,4
167,94,21
167,95,34
167,104,16
167,107,21
167,118,23
167,167,33
167,169,9
167,186,33
167,199,19
167,222,4
168,39,25
168,124,21
168,164,40
168,171,8
168,203,25
169,36,27
169,47,12
169,49,10
169,70,12
169,71,5
169,72,68
169,89,10
169,94,24
169,103,5
169,112,18
169,141,9
169,167,9
169,170,20
169,173,28
169,174,37
170,14,14
170,40,40
170,47,21
170,69,21
170,71,8
170,77,47
170,93,27
170,95,21
170,103,75
170,105,13
170,118,8
170,134,19
170,166,10
170,169,20
170,171,5
170,173,16
171,49,20
171,65,29
171,70,20
171,89,21
171,166,5
171,168,8
171,171,8
171,174,8
171,218,20
172,21,12
172,25,24
172,36,18
172,44,9
172,45,36
172,50,46
172,51,24
172,67,55
172,69,77
172,73,17
172,89,9
172,93,63
172,105,33
172,125,15
172,164,69
172,169,17
172,171,29
172,184,9
172,187,20
172,203,32
172,422,17
173,25,14
173,38,60
173,44,23
173,49,24
173,50,6
173,51,9
173,53,24
173,66,9
173,68,21
173,69,60
173,78,54
173,83,19
173,94,67
173,101,29
173,169,64
173,170,16
173,172,18
173,173,29
173,174,24
173,203,53
173,204,18
173,209,24
173,218,9
173,264,5
174,54,41
174,98,5
174,164,104
174,171,8
174,173,24
174,174,37
174,175,9
174,184,26
174,186,26
174,188,41
174,190,20
174,203,41
174,210,11
175,50,21
175,51,21
175,94,6
175,184,12
175,189,18
175,249,9
176,46,38
176,73,15
176,140,20
177,69,11
177,79,32
177,179,22
177,184,52
177,421,22
177,430,5
178,158,48
178,177,17
178,179,30
179,157,14
179,158,20
179,177,44
179,178,13
179,184,17
179,282,25
181,119,42
181,181,57
182,51,31
182,182,29
182,192,35
182,200,11
183,72,6
183,192,33
183,210,20
183,423,16
184,33,5
184,161,17
184,172,9
184,174,26
184,175,12
184,177,17
184,178,17
184,201,17
185,48,10
185,49,23
185,51,10
185,68,30
185,69,33
185,71,18
185,75,17
185,77,14
185,105,17
185,118,18
185,211,18
186,51,4
186,69,11
186,76,29
186,89,26
186,90,21
186,94,72
186,96,29
186,107,4
186,120,6
186,167,33
186,169,53
186,172,17
186,211,19
186,250,13
186,267,10
187,19,7
187,21,25
187,25,7
187,51,50
187,66,15
187,71,15
187,94,68
187,104,127
187,108,60
187,172,20
187,217,44
187,256,31
187,268,15
187,272,41
188,57,15
188,66,46
188,72,23
188,97,5
188,174,41
188,207,23
189,44,12
189,77,46
189,175,18
189,191,4
189,202,28
189,206,26
189,216,15
189,272,19
190,102,33
190,174,20
190,210,14
191,43,13
191,46,16
191,57,4
191,90,18
191,158,19
191,189,4
191,191,44
191,211,4
191,212,13
191,430,17
192,159,17
192,182,35
192,183,33
192,276,5
193,23,5
193,103,6
193,193,18
193,195,10
193,200,22
194,214,18
195,65,12
195,193,10
195,195,29
195,226,27
195,237,16
195,259,16
195,437,25
196,21,12
196,50,52
196,54,16
196,196,19
196,197,71
196,211,17
196,216,9
196,281,15
197,33,21
197,46,16
197,52,14
197,68,15
197,69,8
197,90,21
197,186,19
197,192,19
197,196,71
197,197,19
197,198,10
197,211,59
197,212,40
197,218,23
197,227,21
197,3605,21
198,197,10
198,211,5
199,45,19
199,51,23
199,54,18
199,211,39
199,216,31
199,447,17
200,60,25
200,182,11
200,193,22
200,202,41
200,204,40
200,213,22
201,21,10
201,25,14
201,40,12
201,44,41
201,49,30
201,51,30
201,68,49
201,70,25
201,177,17
201,201,57
201,202,30
201,209,36
201,211,20
201,216,11
201,264,18
202,49,41
202,51,36
202,52,93
202,69,69
202,70,6
202,90,19
202,115,39
202,117,19
202,188,15
202,189,28
202,200,41
202,201,30
202,217,38
202,241,28
202,274,17
202,276,18
202,278,16
202,279,33
203,21,27
203,39,7
203,41,13
203,43,23
203,55,50
203,63,17
203,67,24
203,69,24
203,72,28
203,77,27
203,78,27
203,79,26
203,92,5
203,96,10
203,101,5
203,105,5
203,106,6
203,148,54
203,150,22
203,163,52
203,166,9
203,168,25
203,172,32
203,173,53
203,174,41
203,188,23
203,209,19
203,253,6
203,269,15
203,276,16
203,278,15
204,20,4
204,21,30
204,45,111
204,57,23
204,71,29
204,72,26
204,89,63
204,98,132
204,117,23
204,124,5
204,165,5
204,173,18
204,186,9
204,207,40
205,14,34
205,37,5
205,43,58
205,45,27
205,49,16
205,57,61
205,69,34
205,72,26
205,93,34
205,104,18
205,109,23
205,205,48
205,255,12
206,53,25
206,72,5
206,189,26
206,217,65
207,40,11
207,203,23
207,207,104
207,209,22
207,210,16
207,211,17
208,217,12
209,16,18
209,53,22
209,77,19
209,96,44
209,173,24
209,201,36
209,203,19
209,207,22
209,209,75
209,211,36
209,212,42
209,217,46
209,218,22
209,249,19
209,258,18
209,270,44
210,14,12
210,22,20
210,49,11
210,69,43
210,95,4
210,150,9
210,169,11
210,183,20
210,190,14
210,196,9
210,201,16
210,209,36
210,212,22
210,216,11
210,231,54
210,252,13
210,440,18
211,36,43
211,43,30
211,48,39
211,59,35
211,66,17
211,67,27
211,71,27
211,90,20
211,105,71
211,118,12
211,119,16
211,173,13
211,185,18
211,191,4
211,196,17
211,197,78
211,199,39
211,201,20
211,202,21
211,210,36
211,211,17
211,212,31
211,216,36
211,222,10
211,279,18
211,287,8
211,450,4
212,47,8
212,63,5
212,191,13
212,197,40
212,198,5
212,209,42
212,210,22
212,211,27
212,213,15
212,216,31
212,217,48
212,218,16
212,219,32
212,465,16
213,162,12
213,194,18
213,200,22
213,211,10
213,212,15
213,227,13
213,243,21
213,444,27
214,195,27
214,213,18
214,214,39
215,89,14
215,218,15
215,220,12
215,227,29
215,2254,16
216,38,24
216,47,13
216,71,31
216,104,5
216,115,6
216,150,5
216,189,15
216,199,31
216,201,11
216,208,12
216,210,20
216,211,36
216,212,31
216,217,36
216,219,74
216,222,31
216,283,14
217,43,25
217,187,44
217,206,65
217,209,46
217,212,48
217,216,26
217,219,32
217,220,48
217,227,14
217,241,30
217,249,34
217,284,43
218,51,15
218,69,22
218,71,10
218,104,14
218,171,20
218,173,9
218,209,22
218,212,16
218,227,15
218,250,9
218,274,17
218,275,25
218,2122,18
219,41,17
219,52,12
219,212,32
219,216,74
219,217,32
219,219,56
220,202,38
220,215,12
220,216,10
220,220,46
220,257,17
220,263,12
220,264,9
221,171,43
221,217,14
222,45,38
222,64,14
222,210,4
222,211,10
222,216,31
222,529,16
223,29,28
223,218,51
223,236,81
223,238,17
223,249,17
224,236,10
225,253,8
226,214,27
227,45,13
227,197,21
227,213,13
227,215,44
227,221,14
227,263,9
228,35,26
228,120,28
228,438,10
228,462,13
229,5,7
229,229,39
230,230,85
231,122,49
231,210,54
231,465,24
232,236,15
232,241,11
232,483,29
233,234,43
233,236,27
233,484,9
234,233,43
234,239,8
236,73,14
236,223,81
236,224,10
236,232,15
236,233,27
236,260,35
237,195,16
237,237,53
238,65,18
238,238,85
239,234,8
239,485,36
240,506,21
240,528,14
241,65,13
241,217,30
241,232,11
241,242,28
242,25,21
242,203,28
242,442,40
243,45,11
243,213,21
243,243,40
243,282,46
243,454,6
244,91,20
248,69,65
248,528,23
248,540,23
249,42,36
249,43,25
249,52,44
249,54,13
249,89,28
249,174,9
249,209,19
249,217,34
249,223,17
249,239,31
249,260,23
249,263,12
249,264,12
249,281,34
249,282,34
249,528,24
250,6,13
250,25,41
250,37,34
250,38,71
250,45,14
250,51,13
250,52,17
250,53,34
250,55,11
250,56,13
250,69,9
250,78,9
250,186,13
250,218,9
250,250,94
250,251,37
250,252,33
250,259,32
250,278,15
250,542,36
250,549,13
251,21,10
251,29,19
251,37,10
251,66,14
251,68,70
251,107,34
251,250,54
251,251,19
251,252,23
251,256,12
251,258,73
251,259,4
251,271,57
251,272,14
251,275,9
251,282,12
251,283,21
251,308,16
251,523,10
251,2389,43
252,1,32
252,6,14
252,49,22
252,50,13
252,68,13
252,71,10
252,77,17
252,210,13
252,250,16
252,251,40
252,252,85
252,253,75
252,254,17
252,258,33
252,269,18
252,272,27
252,282,18
252,539,17
253,49,12
253,53,14
253,78,16
253,202,28
253,203,6
253,225,8
253,252,75
253,254,51
253,268,8
253,270,57
253,442,39
253,540,4
253,6097,16
254,1,9
254,48,20
254,54,30
254,56,13
254,57,8
254,65,12
254,67,51
254,69,15
254,77,21
254,122,9
254,252,17
254,253,30
254,254,12
254,255,97
254,257,61
254,263,9
254,282,20
254,290,17
255,29,8
255,38,29
255,66,21
255,67,8
255,77,33
255,205,12
255,254,97
255,255,18
256,14,65
256,37,9
256,47,13
256,49,9
256,56,10
256,65,12
256,66,12
256,69,20
256,75,17
256,90,8
256,187,31
256,251,12
256,253,4
256,266,8
256,278,31
256,455,11
256,539,8
256,540,11
257,21,13
257,29,11
257,47,16
257,48,49
257,51,15
257,62,27
257,65,17
257,66,15
257,68,12
257,69,23
257,90,13
257,220,17
257,254,61
257,257,17
257,259,12
257,264,24
257,540,4
257,549,12
258,6,53
258,36,35
258,45,13
258,50,34
258,53,9
258,65,11
258,67,46
258,75,23
258,105,74
258,209,18
258,251,73
258,252,33
258,258,56
258,262,40
258,264,151
259,20,6
259,22,22
259,41,10
259,43,31
259,54,10
259,66,4
259,67,18
259,72,10
259,78,7
259,191,12
259,195,16
259,250,32
259,251,4
259,257,12
259,259,45
259,262,20
259,263,20
259,264,15
259,279,4
259,281,39
259,282,43
259,415,17
259,545,24
260,236,35
260,249,23
260,264,16
261,36,23
262,37,25
262,47,36
262,68,18
262,258,40
262,259,20
262,262,36
262,264,9
263,3,9
263,15,12
263,36,17
263,37,27
263,38,9
263,49,11
263,54,12
263,56,9
263,57,20
263,59,18
263,65,12
263,69,16
263,75,11
263,77,72
263,110,23
263,220,12
263,227,9
263,249,12
263,254,9
263,259,20
263,264,18
263,274,72
263,275,12
263,278,7
263,281,21
264,17,21
264,21,26
264,22,23
264,25,18
264,43,30
264,45,14
264,50,36
264,54,6
264,67,9
264,70,5
264,152,103
264,157,25
264,201,18
264,220,9
264,249,12
264,257,24
264,258,151
264,259,15
264,260,16
264,262,9
264,263,27
264,264,45
264,265,8
264,266,5
264,269,14
264,277,51
264,281,6
264,453,9
264,529,5
265,4,11
265,6,8
265,34,5
265,36,13
265,38,5
265,46,5
265,51,23
265,57,16
265,75,7
265,89,16
265,101,26
265,108,5
265,264,8
266,18,13
266,21,14
266,36,10
266,42,16
266,43,23
266,44,18
266,52,29
266,54,20
266,63,13
266,66,16
266,69,20
266,71,9
266,76,8
266,78,10
266,173,5
266,203,50
266,256,8
266,266,56
266,267,8
266,268,36
266,269,7
266,270,4
266,282,38
266,507,11
267,26,10
267,49,10
267,54,28
267,55,12
267,92,6
267,113,4
267,186,10
267,266,8
267,270,33
267,271,10
267,272,5
267,279,28
268,3,9
268,5,5
268,6,5
268,35,19
268,36,33
268,50,6
268,51,30
268,55,13
268,56,77
268,58,5
268,65,33
268,66,7
268,69,8
268,76,13
268,84,34
268,90,34
268,93,55
268,105,15
268,124,18
268,253,8
268,266,36
268,267,10
268,270,55
268,272,4
269,1,9
269,16,14
269,34,4
269,47,13
269,48,26
269,51,10
269,54,6
269,57,10
269,60,9
269,65,7
269,68,15
269,76,7
269,78,10
269,99,24
269,104,27
269,203,15
269,251,57
269,252,18
269,264,7
269,265,9
269,266,7
269,269,80
269,270,31
269,271,53
269,275,10
269,277,8
269,540,14
270,1,15
270,3,18
270,11,48
270,14,18
270,16,22
270,17,11
270,20,8
270,37,11
270,38,10
270,42,9
270,44,24
270,45,4
270,48,28
270,51,32
270,57,24
270,65,17
270,66,32
270,67,37
270,68,8
270,69,9
270,77,25
270,96,7
270,105,8
270,114,7
270,209,44
270,210,25
270,253,41
270,258,11
270,265,30
270,266,4
270,267,88
270,268,47
270,269,62
270,270,70
270,271,30
270,272,4
270,273,12
270,276,21
270,277,9
270,279,39
270,282,110
271,5,46
271,22,45
271,25,24
271,36,48
271,37,12
271,40,23
271,42,17
271,45,4
271,49,8
271,51,10
271,52,17
271,56,11
271,57,7
271,62,6
271,68,11
271,69,12
271,72,11
271,76,13
271,93,110
271,94,14
271,266,29
271,268,10
271,269,64
271,270,5
271,271,18
271,272,42
271,273,10
271,278,12
271,286,19
271,546,11
272,20,47
272,21,16
272,36,4
272,37,46
272,40,13
272,50,34
272,55,13
272,57,6
272,63,9
272,65,5
272,69,33
272,71,18
272,76,30
272,77,14
272,78,27
272,90,36
272,99,25
272,189,19
272,252,27
272,264,9
272,265,7
272,268,7
272,271,9
272,272,4
272,274,5
272,277,27
272,280,19
272,282,61
273,21,5
273,35,28
273,44,28
273,52,57
273,56,27
273,69,52
273,70,30
273,71,12
273,75,37
273,77,20
273,107,7
273,274,11
273,277,12
273,278,7
273,280,15
273,2054,48
274,42,5
274,57,5
274,63,12
274,77,33
274,202,17
274,218,17
274,263,72
274,269,8
274,272,5
274,273,11
274,275,9
274,277,84
274,280,19
275,15,12
275,39,5
275,202,18
275,218,25
275,251,9
275,269,10
275,274,9
276,20,17
276,57,26
276,68,15
276,77,6
276,192,5
276,203,16
276,263,4
276,275,18
276,277,66
276,281,44
277,5,58
277,41,8
277,44,4
277,47,9
277,49,41
277,53,10
277,55,8
277,69,31
277,72,22
277,78,27
277,90,9
277,139,30
277,263,72
277,264,51
277,272,85
277,273,12
277,274,91
277,276,66
277,277,66
277,278,66
277,279,10
277,280,29
277,282,105
277,7042,150
278,19,6
278,20,4
278,22,15
278,23,114
278,41,4
278,43,11
278,45,47
278,48,8
278,50,47
278,63,6
278,64,4
278,66,74
278,69,62
278,71,37
278,91,6
278,102,4
278,202,16
278,250,15
278,256,31
278,263,7
278,271,12
278,273,7
278,276,66
278,277,14
278,282,4
278,521,16
279,16,10
279,19,14
279,23,10
279,35,18
279,49,22
279,50,28
279,69,13
279,76,28
279,104,31
279,109,6
279,202,33
279,211,18
279,259,4
279,270,39
279,277,10
279,280,11
279,281,24
279,282,10
280,17,25
280,21,14
280,34,10
280,45,28
280,67,49
280,75,13
280,272,19
280,273,15
280,274,19
280,277,15
280,279,11
280,281,13
280,282,39
281,21,55
281,36,37
281,39,19
281,43,19
281,49,13
281,51,21
281,52,19
281,72,37
281,77,19
281,110,25
281,196,15
281,249,34
281,259,39
281,263,21
281,264,6
281,273,37
281,276,23
281,279,11
281,280,13
281,282,116
281,418,32
282,8,25
282,23,12
282,41,33
282,43,16
282,52,4
282,60,49
282,66,15
282,68,51
282,72,18
282,77,15
282,103,55
282,179,25
282,187,16
282,222,38
282,243,46
282,249,34
282,251,12
282,252,18
282,254,20
282,259,43
282,266,38
282,270,131
282,272,15
282,277,136
282,278,4
282,279,10
282,280,35
282,281,132
282,282,62
282,283,12
282,442,18
282,529,29
283,92,14
283,105,6
283,216,14
283,250,21
283,258,74
283,282,12
283,546,12
284,25,15
284,217,43
285,65,26
285,66,50
285,76,25
285,286,34
286,64,26
286,82,19
286,285,34
286,292,51
286,295,12
286,3680,12
287,33,8
287,51,7
287,66,6
287,68,10
287,70,6
287,77,10
287,81,23
287,128,6
287,211,8
287,290,33
287,293,4
287,295,10
287,299,57
287,301,34
288,51,8
288,65,35
288,288,16
288,300,48
289,289,59
289,291,59
289,295,14
290,35,13
290,66,7
290,67,7
290,78,6
290,84,69
290,101,7
290,117,13
290,167,14
290,254,17
290,287,33
290,289,59
290,290,14
290,295,7
290,3609,42
290,3640,32
291,98,40
291,290,59
291,307,8
292,129,22
292,286,51
293,287,4
293,294,15
293,295,50
293,298,31
294,40,14
294,66,12
294,293,15
295,35,14
295,286,12
295,289,14
295,290,7
295,293,15
295,297,14
295,298,35
295,3632,9
295,3641,24
296,77,12
297,110,14
297,295,14
297,297,60
297,336,33
297,3690,10
298,165,7
298,293,66
298,3702,18
299,113,11
299,287,57
299,315,16
299,337,22
300,66,29
300,306,15
300,307,48
301,110,16
301,286,34
301,288,35
301,315,17
302,118,19
303,66,21
304,109,14
304,123,18
304,306,23
304,314,23
304,3659,13
305,45,25
306,17,28
306,75,22
306,300,15
306,304,23
306,307,11
306,314,107
306,316,11
307,114,7
307,119,34
307,120,12
307,124,16
307,288,48
307,291,8
307,306,11
307,3605,21
307,3645,14
308,93,15
308,251,16
309,580,22
309,3654,17
310,105,74
311,313,11
313,70,22
313,93,49
313,130,17
313,152,103
313,304,23
313,311,11
313,322,42
314,306,107
314,313,23
314,317,89
314,319,18
315,70,36
315,299,16
315,301,17
315,307,16
315,315,29
315,317,35
316,84,32
316,306,11
316,317,14
317,69,119
317,127,14
317,314,89
317,315,35
317,316,14
318,340,18
318,345,36
319,57,24
319,74,39
319,314,18
322,313,42
323,331,77
324,3874,14
325,333,29
325,3682,14
325,3701,46
328,90,6
331,323,77
333,325,29
334,3678,9
336,297,33
336,336,46
336,3835,21
337,299,22
340,131,21
340,318,18
340,343,21
340,345,33
341,122,31
341,341,24
341,342,8
342,341,8
342,349,40
343,340,21
343,350,21
344,127,15
345,318,36
345,340,33
345,348,23
346,345,27
346,3701,32
347,65,15
347,352,17
348,345,23
348,350,14
349,342,40
350,343,21
350,348,14
352,347,17
357,3712,19
358,124,11
363,2062,24
363,3609,24
366,370,24
366,374,15
366,375,20
367,119,24
367,371,5
367,2031,11
370,366,24
371,146,7
371,367,5
374,366,15
375,366,20
375,403,19
376,381,11
376,383,23
378,381,16
381,367,11
381,378,16
382,383,20
383,135,11
383,376,23
383,382,20
385,403,25
387,402,27
387,426,37
389,390,11
389,2092,34
390,389,11
391,40,19
391,127,15
391,396,11
391,398,33
391,454,28
391,2054,46
391,2122,43
392,398,15
393,425,22
393,430,17
393,431,12
393,538,7
393,2121,22
393,2354,113
396,391,11
396,399,52
398,391,47
398,392,15
398,400,37
399,396,52
400,398,37
401,134,19
402,387,27
403,385,25
413,2115,28
414,424,38
415,103,6
415,259,17
416,2121,38
418,281,32
420,393,13
420,442,33
421,179,22
422,66,17
422,157,17
423,183,16
424,210,18
424,414,38
424,424,58
424,430,11
424,2141,12
425,393,22
429,16,7
429,2125,17
430,150,48
430,177,5
430,191,17
430,393,17
430,424,11
430,431,42
430,2120,34
430,2122,43
430,2124,17
431,393,12
431,430,42
431,432,162
431,448,28
431,2140,39
432,431,162
435,443,16
437,195,25
437,438,11
438,228,10
438,441,34
438,450,11
439,441,14
440,424,18
441,438,34
441,439,14
441,452,15
441,464,10
442,14,39
442,242,40
442,282,18
442,420,33
442,452,9
442,453,30
442,458,15
442,463,35
442,2140,18
443,435,16
443,456,29
443,469,17
443,2121,24
443,2351,31
444,213,27
444,445,13
445,54,16
445,444,13
445,448,13
445,465,16
445,2353,16
446,459,37
446,589,33
446,2142,11
447,199,17
448,431,28
448,445,13
448,462,13
448,463,47
448,2369,29
450,211,4
450,437,11
451,442,9
452,17,5
452,72,43
452,441,15
452,451,9
452,464,13
452,468,22
453,264,9
453,442,30
453,458,30
454,243,6
454,391,28
454,456,7
454,484,19
455,256,11
456,443,29
456,454,7
458,442,15
458,453,30
459,446,37
461,465,80
461,469,15
462,228,13
462,448,13
463,442,35
463,448,47
464,452,13
465,69,43
465,212,16
465,231,24
465,445,16
465,461,80
468,452,22
469,443,17
469,461,15
469,469,13
469,470,13
470,469,13
472,2371,19
476,130,17
479,480,14
480,479,14
481,483,24
481,590,8
482,585,23
482,591,15
483,231,70
483,232,29
483,481,24
483,484,27
484,233,9
484,454,19
484,483,27
485,239,36
485,504,12
486,594,39
487,42,7
487,513,14
487,561,14
490,492,31
490,498,45
491,579,13
492,494,31
492,532,87
494,490,31
494,514,15
495,515,9
498,490,45
501,502,31
501,508,31
502,501,31
504,485,12
504,505,62
505,504,62
506,240,21
507,266,11
508,501,31
512,491,9
512,516,63
512,597,19
513,487,14
514,494,15
515,495,9
516,512,63
520,532,108
521,278,16
522,522,100
522,545,21
523,57,8
523,251,10
524,526,53
524,532,9
524,533,31
525,537,28
525,544,22
526,524,53
526,531,14
527,529,12
528,45,19
528,73,7
528,240,14
528,248,23
528,249,24
528,251,9
528,525,28
528,530,20
528,538,25
529,222,16
529,264,5
529,527,12
529,535,29
530,528,20
531,526,14
532,68,10
532,125,87
532,492,87
532,520,108
532,524,9
532,533,31
533,524,31
533,532,31
535,282,29
535,538,42
535,625,8
536,539,16
536,2427,10
537,528,28
538,17,5
538,55,16
538,57,11
538,98,25
538,268,6
538,393,7
538,528,25
538,535,42
539,47,15
539,57,6
539,63,15
539,252,17
539,256,8
539,270,4
539,536,16
539,542,13
540,2,6
540,66,30
540,69,17
540,72,4
540,93,80
540,248,23
540,256,14
540,257,4
540,270,18
540,271,14
541,57,10
542,65,48
542,250,36
542,539,13
544,525,22
544,544,90
545,259,24
545,522,21
546,25,11
546,46,19
546,50,13
546,253,15
546,283,12
548,548,47
549,43,26
549,250,6
549,257,12
549,259,6
554,555,16
555,554,16
557,569,20
559,560,37
559,568,13
559,1088,14
560,559,37
561,487,14
563,566,16
563,569,31
564,565,18
565,564,18
565,566,51
566,563,16
566,565,51
568,570,27
569,557,20
569,563,31
570,568,27
570,571,39
571,570,39
571,571,19
571,572,13
572,571,13
573,559,13
575,576,15
576,575,15
577,613,7
578,578,95
579,491,13
580,309,22
581,89,8
583,584,14
583,594,14
584,587,29
584,595,14
585,482,23
585,587,71
587,584,29
587,585,71
587,594,25
588,69,11
588,591,14
588,592,20
588,2394,10
589,446,33
590,481,8
590,590,16
590,591,9
590,2395,13
591,482,15
591,588,14
591,590,9
591,591,180
591,599,18
591,600,27
591,2385,43
592,588,20
594,486,39
594,583,14
594,587,25
595,583,14
597,512,19
597,591,30
597,603,13
597,2254,28
599,591,18
599,2425,16
599,2426,98
600,591,27
600,600,112
601,607,65
603,597,13
603,1046,9
607,601,65
608,614,10
609,2426,28
611,618,54
613,577,7
613,619,30
613,621,27
614,608,10
614,618,17
618,611,54
618,614,17
619,613,30
621,613,27
625,535,8
1031,1035,20
1031,1043,22
1031,1052,24
1035,1031,20
1035,1039,10
1037,1038,15
1038,1037,15
1038,1041,15
1038,1043,7
1038,1050,42
1039,1035,10
1039,1044,9
1041,1038,15
1041,1039,9
1043,1038,7
1043,1050,22
1044,1041,9
1046,603,9
1050,1031,22
1050,1038,42
1051,1188,15
1052,1031,24
1056,1096,11
1061,1062,24
1061,1088,13
1062,1061,24
1074,1074,117
1075,1078,15
1077,1153,17
1078,1075,15
1084,1095,19
1088,559,14
1088,1061,13
1089,1093,10
1092,1140,61
1093,1089,10
1093,1094,10
1094,1093,10
1095,1084,19
1095,1096,22
1095,1097,18
1096,1056,11
1096,1095,22
1097,1095,18
1106,1106,67
1116,1132,19
1117,1133,45
1118,1125,30
1121,1123,21
1122,1123,14
1123,1121,21
1123,1122,14
1123,1124,90
1123,1129,27
1123,1132,45
1124,1123,90
1124,1125,40
1124,1135,27
1125,1118,30
1125,1124,40
1125,1125,102
1125,1174,16
1129,1123,27
1129,1133,22
1129,1134,14
1130,1129,14
1130,1141,10
1131,1143,14
1132,1116,19
1132,1123,45
1132,1133,22
1132,1137,19
1132,1189,13
1133,1117,45
1133,1129,22
1133,1130,10
1133,1132,22
1133,1141,10
1133,1153,22
1134,1130,14
1134,1135,12
1134,1141,11
1135,1124,27
1135,1134,12
1137,1132,19
1137,1136,66
1140,1092,61
1140,1151,57
1141,1133,20
1141,1134,11
1142,1153,78
1143,1131,14
1147,1147,141
1151,1140,57
1152,1153,20
1153,1133,22
1153,1140,17
1153,1142,78
1153,1152,20
1155,1207,19
1174,1125,16
1180,1187,13
1181,1181,18
1181,1182,29
1182,1181,29
1182,1189,32
1183,1188,16
1186,1202,9
1187,1200,13
1188,1051,15
1188,1180,13
1188,1183,16
1189,1132,13
1189,1182,32
1192,1192,29
1195,3694,24
1196,1218,27
1200,1188,13
1200,1209,13
1202,1186,9
1202,1205,31
1203,1203,94
1203,1237,27
1203,1241,67
1203,1242,31
1205,1202,31
1205,1221,7
1205,1222,27
1206,1215,41
1207,1155,19
1209,1200,13
1209,1210,75
1209,1211,24
1210,1209,75
1210,1213,32
1211,1209,24
1213,1210,32
1215,1206,41
1216,1216,69
1218,1196,27
1221,1205,7
1222,1205,27
1229,1254,5
1231,1231,32
1237,1203,27
1238,1245,64
1241,1203,67
1242,1203,31
1245,1238,64
1254,1229,5
1254,1263,8
1258,1260,32
1260,1258,32
1260,1263,30
1261,1264,18
1263,1254,8
1263,1260,30
1264,1261,18
1313,1318,6
1317,1317,96
1318,1313,6
1318,1318,50
2002,454,11
2004,3337,9
2022,2044,37
2027,2043,19
2029,2062,10
2031,376,11
2043,2027,19
2044,2022,37
2054,273,48
2054,391,46
2054,2081,32
2054,2390,46
2058,2059,11
2059,2058,11
2062,363,24
2062,2029,10
2072,2072,70
2081,2054,32
2081,2129,29
2083,435,31
2092,389,34
2099,2100,34
2099,2107,20
2099,2110,34
2100,2099,34
2101,2101,57
2107,2099,20
2108,2108,20
2108,2132,19
2110,2099,34
2114,2245,42
2115,413,28
2116,2120,10
2120,430,34
2120,2116,10
2121,393,22
2121,429,17
2121,443,24
2121,2122,112
2121,2124,38
2122,165,19
2122,218,18
2122,391,43
2122,430,43
2122,2121,112
2122,2123,71
2122,2141,11
2123,2122,71
2123,2125,20
2123,2142,36
2124,430,17
2124,431,38
2124,2141,17
2125,2121,17
2125,2123,20
2125,2131,17
2128,2131,55
2129,2081,29
2131,2125,17
2131,2128,55
2131,2207,15
2132,2108,19
2132,2132,62
2133,2208,34
2135,2135,38
2140,431,39
2140,442,18
2141,424,12
2141,2122,11
2142,446,11
2142,2123,11
2203,2205,69
2203,2206,19
2205,2203,69
2206,2203,19
2206,2206,25
2206,2369,21
2207,2131,15
2207,2244,19
2208,2133,34
2209,2257,16
2210,2213,52
2211,2211,50
2211,2212,29
2212,2211,29
2213,2210,52
2213,2242,96
2214,2216,8
2216,2214,8
2216,2216,74
2216,2236,18
2218,2236,10
2222,2224,21
2222,2671,34
2224,2222,21
2232,2232,87
2234,2236,19
2235,2236,66
2236,2218,10
2236,2234,19
2236,2235,66
2238,2242,54
2239,2242,52
2241,2213,54
2242,2213,42
2242,2239,52
2242,2241,54
2242,2254,54
2242,2257,139
2244,2207,19
2244,2244,24
2244,2257,16
2244,2271,31
2245,2114,42
2246,2250,12
2248,2252,25
2248,2253,22
2248,2254,21
2250,2246,12
2252,2248,25
2252,2252,34
2254,215,16
2254,597,28
2254,2238,54
2254,2248,21
2256,2257,23
2257,2209,16
2257,2242,109
2257,2244,16
2257,2256,23
2257,2257,333
2257,2258,18
2257,2271,19
2258,2257,18
2258,2259,31
2259,2258,31
2259,2411,8
2271,2244,31
2271,2257,19
2272,2375,20
2351,443,31
2353,445,16
2353,2362,10
2353,2365,19
2354,393,113
2362,2353,10
2362,2362,12
2362,2365,5
2362,2367,18
2363,2363,28
2363,2367,28
2365,2353,19
2365,2362,5
2366,2366,9
2366,2367,4
2367,2362,18
2367,2363,28
2369,25,21
2369,448,29
2369,450,4
2371,472,19
2373,90,27
2375,2272,20
2376,2377,12
2376,2383,12
2377,2376,12
2377,2441,19
2380,2419,19
2383,2376,12
2383,2385,28
2384,2387,49
2385,591,43
2385,2383,28
2386,2386,75
2386,2387,96
2387,2384,49
2387,2386,96
2387,2397,30
2387,2408,45
2387,2419,12
2388,2418,33
2389,251,43
2390,2054,46
2390,2441,16
2390,2454,19
2394,588,10
2395,590,13
2397,599,16
2398,2402,6
2398,2426,5
2399,2425,79
2402,2398,6
2402,2425,221
2404,2408,26
2404,2412,7
2406,2433,22
2407,600,11
2407,2408,8
2408,2387,45
2408,2404,26
2408,2407,8
2409,2410,39
2409,2419,20
2410,2409,39
2410,2419,14
2410,2431,16
2411,2259,8
2412,2404,7
2417,2417,111
2417,2418,98
2418,2388,33
2418,2417,98
2418,2418,53
2418,2419,12
2418,2440,23
2419,2380,19
2419,2387,12
2419,2409,20
2419,2410,14
2419,2418,12
2419,2435,15
2422,2423,58
2423,2422,58
2424,2429,31
2425,2397,16
2425,2399,79
2425,2402,221
2425,2425,48
2425,2426,8
2426,599,98
2426,609,28
2426,2398,5
2426,2425,8
2426,2427,28
2427,536,10
2427,2426,28
2427,2427,14
2427,2428,29
2428,2427,14
2428,2449,15
2429,2424,31
2430,2432,35
2431,2410,16
2432,2430,35
2433,2406,22
2434,2434,40
2434,2441,9
2434,2457,9
2435,2419,15
2435,2435,42
2440,2418,23
2440,2441,20
2441,2377,19
2441,2390,16
2441,2434,9
2441,2440,20
2441,2443,34
2443,2441,34
2443,2444,34
2444,2443,34
2444,2445,49
2445,2444,49
2445,2454,19
2449,2427,15
2454,2390,19
2454,2445,19
2454,2454,76
2457,2434,9
2553,2554,94
2553,2556,30
2554,2553,94
2554,2554,94
2554,2561,47
2556,2553,30
2559,2560,13
2560,2559,13
2560,2560,206
2560,2561,17
2560,2606,34
2560,2621,17
2560,2764,10
2561,2554,47
2561,2560,17
2561,2562,8
2562,2561,8
2569,2613,11
2601,2602,53
2602,2601,53
2602,2603,27
2602,2605,38
2603,2602,27
2603,8555,49
2605,2602,38
2605,2619,17
2606,2560,34
2609,2610,29
2610,2609,29
2610,2621,16
2612,2613,8
2613,2569,11
2613,2612,8
2613,2619,21
2618,2618,37
2618,2619,30
2619,2605,17
2619,2613,21
2619,2618,30
2619,2619,72
2619,2620,51
2619,2624,22
2619,2776,14
2620,2619,51
2620,2621,19
2621,2560,17
2621,2610,16
2621,2620,19
2621,2763,17
2624,2619,22
2659,2659,110
2666,2755,22
2671,2222,34
2709,2710,116
2709,2712,96
2710,2709,116
2710,2710,104
2712,2709,96
2755,2666,22
2755,2760,32
2760,2755,32
2763,2621,17
2764,2560,10
2774,8564,26
2776,2619,14
2854,2860,120
2855,2866,6
2860,2854,120
2866,2855,6
2876,2874,9
3013,3384,12
3102,3102,59
3102,8380,21
3107,8403,19
3152,69,11
3192,3194,20
3193,3193,40
3194,3192,20
3199,8663,8
3325,3367,55
3325,3375,40
3325,3378,36
3325,3493,47
3327,3368,89
3337,2004,9
3337,3337,80
3337,3516,20
3337,3518,22
3337,3519,46
3339,3356,26
3340,3325,55
3342,3496,39
3344,3348,16
3344,3350,10
3348,3344,16
3350,3344,10
3350,3351,11
3355,3338,11
3356,3339,26
3356,3358,15
3356,3363,32
3356,3508,13
3357,3385,27
3358,3356,15
3360,3361,23
3360,3496,62
3361,3360,23
3361,3429,26
3363,3356,32
3363,3363,113
3363,3422,14
3365,3721,17
3366,3366,68
3366,3485,112
3367,3340,55
3367,3365,30
3367,3481,17
3368,3327,89
3368,3340,51
3371,3496,216
3373,3373,23
3373,3380,15
3373,3505,20
3375,3325,40
3375,3434,61
3375,3483,27
3378,3325,36
3378,3417,26
3378,3460,36
3378,3466,18
3379,3417,12
3380,3385,37
3381,3459,18
3381,3460,21
3384,3013,12
3385,3380,37
3385,3385,82
3385,3417,27
3385,3419,13
3417,3357,27
3417,3378,26
3417,3379,12
3417,3419,22
3419,3385,13
3419,3417,22
3421,3373,15
3422,3363,14
3429,3361,26
3429,3484,13
3429,3487,28
3430,3431,14
3431,3430,14
3432,3434,28
3434,3375,61
3434,3432,28
3434,3456,14
3447,3468,15
3456,3434,14
3459,3381,18
3460,3378,36
3460,3381,21
3460,3460,38
3460,3467,38
3460,3509,21
3464,3467,120
3466,3378,18
3466,3494,7
3467,3460,38
3467,3497,120
3468,3447,15
3481,3367,17
3483,3375,27
3484,3429,13
3485,3366,112
3487,3429,28
3487,3662,24
3490,3490,224
3493,3325,47
3494,3466,7
3496,3342,39
3496,3360,62
3496,3371,216
3497,3464,120
3505,3373,20
3508,3356,13
3509,3460,21
3516,3337,20
3518,3337,22
3519,3337,46
3601,3602,29
3601,3714,10
3601,3810,63
3602,3601,29
3602,3602,131
3602,3613,23
3602,3683,24
3602,3714,85
3602,3716,58
3604,3604,100
3604,3608,37
3604,3691,45
3604,3715,15
3605,107,7
3605,197,21
3605,307,21
3606,3671,61
3607,3688,10
3607,3691,15
3607,3694,16
3608,3604,37
3609,290,42
3609,363,24
3610,3675,10
3610,3855,43
3612,3719,15
3613,3602,23
3614,4027,39
3615,3615,73
3615,3617,27
3615,3637,21
3615,3638,36
3615,3684,30
3616,3638,25
3617,3615,27
3617,3868,6
3618,3691,34
3622,3675,12
3623,3645,39
3623,3646,57
3627,3628,22
3628,3627,22
3628,3712,36
3631,3636,12
3631,3651,49
3631,3684,18
3632,40,20
3632,295,9
3632,3656,38
3633,4164,29
3634,3665,4
3635,3635,101
3635,3676,23
3636,3631,12
3637,3605,13
3637,3615,21
3637,3638,5
3637,3849,11
3638,3615,36
3638,3616,25
3638,3637,5
3638,3719,20
3639,3640,18
3639,3644,62
3639,4038,22
3640,3639,18
3640,3640,17
3640,3641,18
3640,3644,27
3640,3879,20
3641,295,24
3641,3640,18
3641,3641,29
3641,3645,15
3641,3648,24
3641,3659,15
3641,3875,12
3642,3643,13
3642,3648,72
3643,3642,13
3643,3649,18
3643,4004,21
3644,3639,62
3644,3640,27
3645,307,14
3645,3623,39
3645,3641,15
3646,3623,57
3646,3878,31
3647,62,10
3647,3647,13
3647,3849,15
3648,3641,24
3648,3642,34
3648,3649,13
3648,3656,9
3648,3877,21
3649,3643,18
3649,3648,13
3649,3649,16
3649,3653,52
3649,3654,31
3650,3650,22
3650,3655,11
3650,3662,77
3650,3671,31
3650,4024,55
3651,3631,49
3652,3680,19
3653,3649,52
3653,3653,83
3653,3655,7
3653,3862,35
3653,3867,26
3654,309,17
3654,3649,31
3655,3650,11
3655,3653,7
3655,3655,86
3656,3632,38
3656,3648,9
3656,3649,9
3656,3659,25
3659,3641,15
3659,3656,25
3659,3660,15
3659,3674,24
3660,3659,15
3662,3368,24
3662,3650,77
3662,3663,44
3662,3814,15
3663,3662,44
3663,3676,57
3663,3813,21
3664,3664,44
3664,3814,92
3665,3634,4
3668,3851,30
3668,3872,37
3668,3876,15
3669,94,14
3670,126,25
3670,3675,14
3670,7042,26
3671,3606,61
3671,3650,31
3672,3867,16
3675,3610,10
3675,3622,12
3675,3670,14
3675,3675,28
3675,3680,25
3675,3701,19
3676,3635,23
3676,3663,57
3676,3868,7
3677,3868,37
3679,3868,9
3680,3652,19
3680,3675,25
3680,3851,29
3680,3871,12
3682,325,14
3683,3602,24
3684,3615,30
3684,3631,18
3685,3664,8
3688,3607,10
3689,3686,30
3689,3832,50
3689,3847,66
3690,297,10
3690,3690,23
3690,3855,19
3691,3604,45
3691,3607,15
3691,3618,34
3691,3694,35
3694,1195,24
3694,3607,16
3694,3691,35
3694,3694,46
3697,3515,64
3701,325,46
3701,346,32
3701,3675,19
3702,119,6
3702,298,18
3707,3830,11
3712,357,19
3712,3628,36
3714,3601,10
3714,3602,85
3715,3604,15
3715,3717,32
3715,3718,21
3715,3722,61
3716,3602,58
3716,3810,24
3717,3715,32
3717,4016,13
3719,3612,15
3719,3615,9
3719,3638,20
3719,3820,25
3721,3365,17
3722,3715,61
3809,3809,190
3809,3810,151
3809,3811,91
3810,3601,97
3810,3716,24
3810,3809,151
3810,3810,143
3811,3809,91
3813,3663,21
3814,3662,15
3814,3664,92
3820,3719,25
3820,5226,57
3830,3707,11
3832,3689,50
3834,3866,41
3835,336,21
3835,3847,18
3847,3689,66
3847,3864,18
3849,114,4
3849,3647,15
3851,3668,30
3851,3680,29
3855,3610,43
3855,3690,19
3862,3653,35
3864,89,58
3864,3655,31
3864,3835,18
3866,3834,41
3867,3653,26
3867,3672,16
3868,3617,6
3868,3676,7
3868,4186,20
3871,286,12
3872,3668,37
3874,324,14
3875,3641,12
3876,3668,15
3877,3648,21
3878,3646,31
3879,3640,20
4003,4041,36
4004,4006,42
4004,4011,20
4004,4064,7
4005,4005,126
4005,4011,37
4005,4069,8
4005,4082,13
4005,5212,22
4006,4004,21
4006,4005,12
4006,4006,31
4006,4007,60
4006,4010,17
4007,4004,21
4007,4006,60
4007,4008,19
4007,4023,24
4008,4007,19
4008,4012,54
4008,4017,8
4009,3643,21
4009,4037,38
4010,4006,17
4010,4010,35
4010,4045,12
4011,4004,20
4011,4005,37
4011,4006,12
4011,4011,24
4011,4012,37
4011,4013,21
4011,4016,8
4012,4008,54
4012,4013,37
4012,4016,44
4013,4011,58
4013,4016,21
4014,4035,17
4016,3717,13
4016,4011,8
4016,4012,44
4016,4013,21
4016,4016,17
4017,4008,8
4017,4018,91
4018,4017,91
4018,4018,18
4018,4020,71
4020,4018,71
4020,4036,23
4021,4023,16
4023,4007,24
4023,4021,16
4024,3650,55
4025,4025,320
4025,4026,91
4025,4028,74
4025,4030,47
4025,4033,45
4026,4025,91
4027,3639,39
4027,4036,51
4027,4037,29
4028,4025,119
4029,4037,96
4029,4039,35
4030,4025,47
4030,4031,101
4030,4037,38
4031,4027,51
4031,4030,101
4031,4031,61
4031,4037,30
4033,4028,45
4034,4041,28
4035,4014,17
4036,4020,23
4036,4031,51
4037,4027,29
4037,4029,96
4037,4030,38
4037,4031,30
4037,4038,148
4037,4183,76
4038,3639,22
4038,4002,32
4038,4037,148
4039,4029,35
4039,4039,18
4039,4040,23
4039,4041,11
4039,4185,26
4039,4186,24
4040,4041,46
4041,117,31
4041,4003,36
4041,4034,28
4041,4039,34
4041,4040,23
4041,4041,108
4041,4042,25
4041,4045,72
4041,4186,17
4042,4041,25
4042,4042,179
4042,5212,143
4045,4010,12
4045,4041,72
4045,4186,15
4045,8344,18
4051,4052,22
4051,5175,17
4052,4051,22
4053,4055,28
4054,5198,7
4055,4053,28
4055,4060,75
4056,4057,37
4056,4059,11
4057,4056,37
4057,4077,37
4058,4059,10
4059,4004,7
4059,4056,11
4059,4057,55
4059,4058,10
4059,4059,87
4059,4061,68
4059,4062,85
4059,4064,22
4059,4077,37
4059,4082,37
4060,4055,75
4060,4061,59
4060,4064,52
4060,4065,26
4060,4072,40
4060,4089,24
4061,4059,68
4061,4060,59
4061,4061,98
4061,4062,19
4061,4064,18
4061,4072,27
4061,5185,20
4062,4059,121
4062,4061,19
4062,4062,136
4062,4064,26
4062,4076,18
4062,4083,29
4063,5188,91
4064,4059,29
4064,4060,52
4064,4061,18
4064,4062,26
4064,4070,21
4064,4077,8
4065,4060,26
4065,5208,26
4066,4072,92
4066,4076,35
4067,4071,32
4069,4005,8
4069,4075,14
4070,4064,21
4071,4067,19
4071,4071,86
4071,4073,13
4071,4076,14
4072,4060,40
4072,4061,27
4072,4066,92
4072,4072,66
4072,4074,20
4073,4071,13
4073,4074,22
4074,4072,20
4074,4073,22
4075,4069,14
4076,4062,18
4076,4066,35
4076,4067,14
4076,4076,194
4076,4077,16
4077,4057,37
4077,4062,37
4077,4064,8
4077,4076,16
4078,4079,19
4078,5182,59
4079,4078,19
4079,4190,12
4080,4080,15
4080,4084,13
4080,4091,38
4080,4189,40
4080,4190,45
4081,4080,12
4082,4005,13
4082,4059,37
4083,4062,29
4083,4084,63
4083,4085,17
4083,4086,25
4083,4089,12
4084,4080,13
4084,4083,63
4084,4087,16
4084,4190,32
4085,4077,20
4085,4083,17
4086,4083,25
4087,4084,16
4089,4060,24
4089,4190,12
4091,4080,38
4103,4103,16
4105,4105,94
4105,4119,15
4105,4125,15
4105,4126,6
4108,4108,86
4109,4110,23
4109,4120,17
4110,4109,40
4110,4110,65
4117,4109,17
4117,4120,55
4119,4105,15
4119,4119,30
4119,4148,16
4120,4117,55
4120,4120,138
4120,4124,20
4123,4123,59
4124,4120,20
4125,4105,15
4125,4126,11
4126,4105,6
4126,4125,11
4148,4119,16
4150,4149,52
4157,4161,51
4160,4160,273
4160,4193,46
4161,4157,51
4161,4162,4
4162,4161,4
4162,4163,15
4163,4162,15
4163,4163,15
4163,4195,20
4164,3633,29
4166,4168,50
4166,4194,18
4168,4166,50
4176,4178,18
4178,4176,18
4178,4197,10
4183,4037,76
4184,4186,17
4185,4039,26
4186,3868,20
4186,4039,24
4186,4041,17
4186,4045,15
4186,4184,17
4186,4186,250
4189,4080,40
4189,4189,69
4190,4079,12
4190,4080,33
4190,4081,12
4190,4083,12
4190,4084,32
4194,4166,18
4195,4163,20
4197,4178,10
4197,4197,11
5005,5010,45
5032,5041,60
5032,5053,23
5041,5032,60
5043,5050,8
5045,5068,48
5046,5051,38
5046,5082,20
5046,5135,40
5050,5043,8
5051,5046,38
5051,5075,84
5052,5114,23
5053,5032,23
5057,5074,54
5059,5065,24
5059,5112,29
5061,5100,34
5065,5059,24
5066,5069,56
5068,5045,48
5069,5066,56
5072,8950,21
5073,5180,38
5074,5057,54
5074,5130,64
5075,5051,84
5081,5119,26
5082,5046,20
5087,5110,18
5089,5095,101
5093,5136,156
5094,5094,56
5094,5105,28
5095,5089,57
5095,5141,24
5099,5252,22
5100,5061,34
5102,5114,23
5102,5116,23
5104,5133,29
5105,5094,28
5105,5155,16
5110,5087,18
5111,5126,36
5111,5131,17
5111,5148,26
5112,5059,29
5114,5102,23
5114,5122,23
5116,5102,23
5116,5121,40
5119,5081,26
5121,5116,40
5121,5144,80
5122,5052,23
5122,5135,24
5125,5143,17
5126,5111,36
5127,5210,50
5130,5074,64
5131,5111,17
5131,5190,23
5132,5174,47
5132,5183,55
5133,5104,29
5135,5046,40
5135,5122,24
5135,5158,32
5135,5207,27
5136,5093,156
5136,5161,114
5140,5197,40
5141,5095,24
5143,5125,17
5144,5121,80
5145,5081,48
5148,5111,26
5149,5153,85
5149,5173,85
5150,5165,27
5150,5181,73
5150,5185,17
5150,5198,17
5150,5205,11
5153,5149,85
5154,5197,37
5155,5105,16
5156,5172,46
5157,5173,12
5157,5176,11
5157,5181,66
5158,5135,32
5158,5170,29
5158,5172,58
5158,5184,42
5158,5190,35
5158,5198,35
5158,5199,113
5158,5208,31
5158,5236,39
5159,5172,15
5159,5199,46
5159,5201,132
5161,5136,114
5162,5173,28
5162,5205,44
5162,5206,49
5164,5172,21
5164,5181,61
5164,5185,67
5164,5186,25
5164,5190,50
5164,5198,16
5165,5150,27
5165,5188,40
5165,5194,80
5165,5200,30
5166,5175,63
5166,5198,108
5167,5180,45
5167,5190,114
5167,5198,6
5168,5167,20
5168,5174,18
5168,5195,53
5168,5201,40
5170,5158,29
5171,5198,29
5172,5159,15
5172,5164,21
5172,5180,58
5172,5183,55
5172,5190,21
5172,5192,64
5173,5157,12
5173,5162,28
5173,5181,15
5173,5183,55
5173,5197,85
5174,5132,47
5174,5168,59
5174,5171,39
5174,5175,36
5174,5184,35
5174,5190,18
5174,5198,36
5174,5201,40
5174,5204,55
5175,4051,17
5175,5166,87
5175,5174,36
5175,5175,74
5175,5198,341
5175,5201,8
5175,5203,29
5176,5157,11
5179,5188,31
5179,5198,24
5180,5073,38
5180,5167,24
5180,5192,21
5180,5198,44
5181,5150,73
5181,5159,15
5181,5164,61
5181,5171,30
5182,4078,59
5183,5132,55
5183,5172,55
5183,5173,55
5183,5183,110
5183,5188,55
5184,5164,67
5184,5174,18
5184,5186,17
5185,4061,20
5185,5150,17
5185,5180,42
5185,5192,67
5186,5164,25
5186,5188,31
5186,5190,17
5186,5199,49
5186,5208,21
5187,5196,23
5188,4063,91
5188,5165,40
5188,5174,40
5188,5179,31
5188,5183,55
5188,5186,31
5188,5188,55
5190,5164,50
5190,5167,114
5190,5174,35
5190,5194,21
5190,5197,23
5190,5208,50
5191,5191,69
5191,5198,35
5191,5203,24
5191,5205,35
5192,5167,21
5192,5172,64
5192,5179,24
5192,5184,67
5192,5201,33
5193,5174,40
5193,5194,49
5193,5205,44
5193,5208,19
5194,5150,80
5194,5172,21
5194,5186,49
5194,5198,66
5194,5200,35
5195,5168,53
5195,5174,9
5196,5187,23
5196,5196,90
5196,5198,209
5196,5200,40
5197,5131,23
5197,5140,40
5197,5149,85
5197,5154,37
5198,4054,7
5198,5150,17
5198,5158,35
5198,5164,16
5198,5166,85
5198,5167,6
5198,5171,29
5198,5174,55
5198,5175,365
5198,5180,44
5198,5191,35
5198,5192,24
5198,5194,66
5198,5196,211
5198,5198,23
5198,5199,34
5198,5200,29
5198,5202,82
5198,5203,128
5198,5204,10
5198,5205,161
5199,5158,113
5199,5159,31
5199,5173,15
5199,5193,49
5199,5198,34
5199,5204,9
5200,5165,30
5200,5194,35
5200,5196,40
5200,5198,29
5201,5159,132
5201,5175,8
5201,5181,30
5201,5188,40
5202,5198,82
5202,5207,41
5203,5175,29
5203,5191,24
5203,5198,128
5203,5203,48
5203,5207,17
5203,5208,18
5204,5174,47
5204,5195,9
5204,5198,20
5204,5199,9
5204,5208,10
5205,5150,11
5205,5162,44
5205,5191,35
5205,5193,44
5205,5198,161
5206,5162,49
5206,5206,63
5206,5208,28
5207,5135,27
5207,5202,41
5207,5203,17
5208,4065,26
5208,5158,31
5208,5190,68
5208,5193,40
5208,5203,18
5208,5204,10
5208,5206,28
5210,5127,50
5212,4005,22
5212,4042,143
5223,5223,25
5226,3820,57
5226,5229,62
5229,5226,62
5230,5232,13
5232,5230,13
5236,5158,39
5252,5099,22
6012,6018,22
6015,6016,10
6018,6012,22
6023,6023,44
6023,6031,13
6023,6366,41
6026,6026,7
6027,6029,45
6029,6027,45
6029,6186,13
6031,6023,13
6033,6072,10
6039,6176,17
6043,6043,35
6043,6044,35
6043,6048,35
6044,6044,166
6044,6045,35
6044,6047,12
6045,6045,35
6045,6046,35
6046,6043,35
6047,6044,12
6047,6211,13
6048,6043,35
6050,6050,97
6052,6162,17
6058,6067,14
6062,6065,32
6062,6149,40
6063,6089,12
6064,6066,21
6065,6062,32
6066,6064,21
6067,6058,14
6071,6109,33
6071,6217,15
6072,6033,10
6072,6092,29
6072,6117,31
6072,6126,31
6072,6128,31
6074,6079,16
6075,6106,37
6076,6344,88
6079,6074,16
6079,6125,62
6084,6101,33
6084,6106,31
6087,6084,33
6089,6063,12
6089,6087,33
6092,6072,59
6092,6108,20
6092,6130,66
6097,253,16
6097,6101,24
6097,6132,24
6098,6130,66
6100,6168,31
6101,6089,33
6101,6097,24
6101,6133,5
6101,6134,82
6103,6150,17
6106,6075,37
6106,6084,31
6108,6092,20
6108,6108,44
6108,6113,44
6109,6071,56
6109,6113,46
6111,6140,21
6113,6108,44
6113,6109,46
6114,6156,9
6117,6072,31
6117,6114,9
6117,6131,10
6117,6146,40
6125,6079,62
6125,6147,21
6128,6092,31
6130,6092,66
6130,6098,66
6130,6145,66
6131,6117,10
6131,6132,10
6131,6296,49
6132,6097,24
6132,6131,10
6133,6101,5
6134,6101,82
6140,6111,21
6143,6165,45
6144,6146,22
6145,6130,66
6146,6117,40
6146,6144,22
6146,6158,15
6146,6171,9
6147,6125,21
6149,6062,40
6150,6103,17
6150,6157,36
6152,6156,9
6154,6157,17
6154,6174,36
6156,6117,9
6156,6152,9
6157,6150,36
6157,6154,17
6158,6160,15
6159,6161,12
6160,6146,15
6161,6159,12
6162,6052,17
6163,6170,12
6163,6171,11
6163,6176,10
6165,6143,45
6168,6100,31
6170,6163,12
6171,6146,9
6171,6163,11
6174,6173,36
6176,6039,17
6176,6163,10
6176,6177,10
6177,6176,10
6177,6270,20
6186,6029,13
6191,6204,136
6199,6220,20
6202,6204,8
6203,6256,5
6204,6191,136
6204,6205,132
6204,6218,8
6205,6204,132
6206,6202,8
6211,6047,13
6213,6217,17
6216,6206,8
6216,6220,16
6217,6071,15
6217,6199,20
6217,6213,17
6218,6216,8
6219,6217,20
6220,6203,5
6220,6216,16
6220,6219,20
6225,6228,10
6228,6225,10
6232,6236,21
6235,6232,21
6236,6235,21
6240,6301,43
6248,6252,9
6249,6210,93
6252,6248,9
6256,6220,5
6258,6182,34
6258,6259,29
6258,6269,24
6258,6288,14
6259,6258,10
6259,6267,19
6261,6289,23
6262,6268,41
6266,6261,23
6267,6258,19
6268,6163,31
6268,6262,41
6269,6258,24
6269,6288,42
6270,6177,20
6271,6269,28
6272,6277,7
6275,6275,86
6275,6277,18
6276,6277,65
6276,6297,71
6277,6272,7
6277,6275,18
6277,6276,65
6277,6285,32
6285,6277,32
6286,6296,14
6288,6258,14
6288,6269,14
6288,6271,28
6288,6286,14
6289,6266,23
6296,6131,49
6296,6288,14
6297,6276,71
6301,6240,43
6308,6308,23
6309,6313,20
6311,6315,20
6312,6312,52
6312,6322,16
6313,6309,20
6315,6311,20
6316,6320,15
6319,6331,22
6320,6316,15
6320,6326,52
6325,6325,51
6326,6320,52
6331,6319,22
6335,6337,13
6336,6336,53
6337,6335,13
6340,6342,85
6342,6340,85
6342,6343,30
6343,6342,30
6344,6076,88
6344,6344,123
6355,6355,54
6366,6023,41
7001,7110,31
7001,7112,19
7001,7168,11
7001,7170,63
7001,7246,32
7002,7002,48
7002,7004,44
7002,7011,21
7002,7042,14
7002,7261,18
7003,7011,21
7004,7002,44
7005,7059,33
7005,7098,33
7006,7042,25
7007,7039,30
7008,7173,20
7008,7253,9
7009,7008,9
7011,7002,21
7011,7003,21
7011,7053,15
7011,7106,15
7014,7020,25
7014,7021,24
7014,7053,27
7017,7133,23
7017,7257,21
7019,7277,12
7020,7014,25
7020,7099,16
7021,7014,24
7021,7051,42
7024,7049,27
7025,7042,68
7026,7026,130
7029,7042,17
7031,7048,22
7031,7057,14
7031,7099,14
7031,7106,3
7031,7154,20
7031,7260,22
7032,7047,18
7033,7106,40
7033,7110,21
7033,7246,45
7034,7105,18
7038,7042,30
7039,7007,30
7039,7042,16
7041,7101,9
7041,7117,12
7041,7256,16
7042,277,150
7042,3670,26
7042,7002,14
7042,7006,25
7042,7025,68
7042,7029,17
7042,7038,30
7042,7039,16
7042,7041,9
7042,7043,62
7042,7044,16
7042,7047,18
7042,7048,39
7042,7054,11
7042,7098,27
7042,7099,13
7042,7100,14
7042,7101,48
7042,7104,29
7042,7105,87
7042,7108,23
7042,7109,24
7042,7110,98
7042,7112,7
7042,7117,36
7042,7121,44
7042,7134,29
7042,7138,10
7042,7150,13
7042,7153,13
7042,7154,89
7042,7155,18
7042,7244,22
7042,7248,14
7042,7254,23
7042,7255,8
7042,7256,25
7042,7257,114
7042,7258,44
7042,7261,6
7042,7262,52
7042,7264,10
7042,7265,20
7043,7042,62
7043,7105,16
7043,7129,15
7043,7155,13
7044,7042,46
7047,7032,18
7047,7042,18
7047,7110,43
7047,7136,9
7048,7031,22
7048,7042,39
7049,7024,27
7049,7101,43
7049,7103,40
7049,7142,15
7049,7152,33
7049,7248,69
7049,7261,20
7050,7051,42
7050,7117,17
7050,7256,17
7051,7021,42
7051,7050,42
7051,7104,26
7051,7122,28
7051,7168,42
7053,7011,15
7053,7104,27
7054,7116,11
7055,7134,10
7055,7170,21
7055,7243,18
7056,7097,9
7056,7117,10
7056,7261,9
7057,7100,23
7057,7126,14
7057,7261,9
7059,7059,57
7059,7106,33
7078,7257,18
7082,7086,10
7082,7141,16
7084,7151,24
7086,7082,10
7086,7174,31
7092,7294,9
7097,7056,9
7097,7098,16
7097,7150,16
7097,7194,33
7097,7560,18
7098,7005,33
7098,7042,50
7098,7097,16
7098,7098,63
7098,7124,9
7098,7126,24
7099,7020,16
7099,7031,14
7099,7042,13
7099,7146,22
7100,7042,14
7100,7057,23
7100,7109,14
7101,7042,80
7101,7049,19
7101,7105,24
7101,7108,24
7101,7115,11
7101,7118,24
7101,7137,15
7101,7147,36
7101,7155,17
7101,7161,24
7101,7284,17
7102,7117,12
7103,7049,40
7104,7014,27
7104,7042,17
7104,7051,26
7104,7115,12
7104,7141,30
7104,7210,16
7104,7257,16
7105,7034,18
7105,7042,16
7105,7105,16
7105,7111,28
7105,7118,24
7105,7141,16
7105,7143,28
7105,7152,40
7105,7255,16
7105,7257,18
7106,7005,33
7106,7011,15
7106,7031,3
7106,7033,40
7106,7110,21
7106,7117,17
7106,7124,9
7106,7135,16
7106,7136,15
7106,7246,49
7107,7147,17
7108,7101,24
7108,7104,32
7108,7141,6
7108,7152,32
7109,7042,24
7109,7100,14
7109,7115,13
7110,7001,31
7110,7033,21
7110,7042,108
7110,7047,43
7110,7106,21
7110,7232,13
7110,7319,13
7111,7043,16
7111,7050,10
7111,7105,12
7111,7136,40
7111,7137,15
7111,7155,11
7112,7001,19
7112,7042,7
7112,7113,19
7112,7128,38
7112,7159,19
7112,7291,41
7112,7293,27
7113,7112,19
7113,7125,25
7115,7042,12
7115,7101,11
7115,7109,13
7115,7141,13
7116,7042,18
7116,7135,9
7116,7139,21
7117,7041,28
7117,7042,36
7117,7050,17
7117,7056,10
7117,7102,12
7117,7106,17
7117,7155,12
7117,7258,12
7117,7261,50
7117,7286,23
7118,7049,24
7118,7101,24
7118,7118,24
7121,7042,44
7121,7116,9
7121,7130,27
7121,7132,21
7121,7149,16
7121,7154,17
7122,7051,28
7122,7108,6
7122,7150,16
7124,7098,9
7124,7106,9
7125,7113,25
7126,7031,14
7126,7098,24
7126,7149,24
7126,7210,14
7128,7112,59
7128,7141,13
7128,7293,27
7129,7043,15
7129,7135,26
7130,7121,27
7130,7204,8
7130,7253,16
7130,7257,21
7133,7017,23
7134,7042,29
7134,7055,10
7134,7128,21
7134,7160,29
7134,7257,11
7135,7106,16
7135,7121,9
7135,7129,26
7135,7149,11
7135,7152,33
7135,7229,23
7136,7047,9
7136,7106,15
7136,7111,40
7136,7261,25
7137,7101,15
7137,7111,15
7137,7282,4
7138,7110,10
7139,7116,21
7139,7177,24
7139,7209,24
7141,7082,16
7141,7104,30
7141,7105,16
7141,7115,13
7141,7122,6
7141,7128,13
7141,7141,31
7141,7142,17
7141,7146,36
7141,7154,40
7141,7160,31
7141,7192,36
7141,7274,29
7141,7281,15
7142,7049,15
7142,7141,47
7142,7543,22
7143,7105,28
7143,7153,28
7146,7099,22
7146,7141,36
7147,7101,36
7147,7107,17
7149,7121,16
7149,7135,11
7149,7155,16
7149,7274,91
7150,7042,13
7150,7097,16
7150,7122,16
7150,7141,4
7150,7156,25
7150,7157,8
7151,7084,24
7151,7151,96
7152,7042,40
7152,7049,33
7152,7108,32
7152,7121,21
7152,7135,33
7152,7160,40
7152,7246,32
7153,7143,28
7153,7150,4
7153,7195,51
7154,7031,20
7154,7042,98
7154,7101,24
7154,7121,17
7154,7141,40
7154,7154,13
7154,7155,18
7154,7194,39
7155,7042,18
7155,7043,13
7155,7101,17
7155,7111,11
7155,7117,12
7155,7149,16
7155,7150,8
7155,7154,18
7155,7156,13
7155,7293,10
7156,7155,13
7156,7223,17
7157,7155,8
7158,7156,16
7158,7167,12
7159,7112,19
7160,7134,29
7160,7142,31
7160,7278,40
7161,7101,24
7162,7191,45
7166,7171,17
7167,7158,12
7168,7001,11
7168,7042,13
7168,7051,42
7168,7182,28
7170,7001,63
7170,7055,21
7170,7223,21
7171,7166,17
7174,7086,31
7177,7139,24
7177,7188,13
7182,7168,28
7188,7177,13
7188,7190,20
7190,7188,20
7191,7162,45
7192,7141,36
7192,7196,9
7194,7097,33
7194,7154,39
7195,7153,51
7196,7192,9
7204,7130,8
7207,7227,16
7208,7278,17
7209,7139,24
7209,7284,33
7210,7104,16
7210,7126,14
7213,7286,13
7214,7158,16
7214,7282,38
7223,7170,21
7227,7228,15
7227,7229,25
7228,7227,15
7229,7135,23
7229,7227,25
7229,7229,57
7229,7231,12
7230,7465,19
7231,7229,12
7232,7110,13
7235,7235,122
7235,7295,18
7237,7326,36
7243,7055,18
7244,7042,22
7246,7001,32
7246,7033,45
7246,7106,49
7246,7152,32
7246,7281,12
7246,7288,22
7246,7451,14
7247,7248,22
7248,7042,14
7248,7049,69
7248,7247,22
7248,7255,8
7249,7264,13
7253,7009,9
7253,7130,16
7253,7257,37
7253,7266,9
7254,7042,23
7255,7041,16
7255,7042,8
7255,7248,8
7255,7256,16
7256,7042,25
7256,7050,17
7256,7105,16
7256,7255,16
7256,8057,18
7257,7017,21
7257,7042,114
7257,7078,18
7257,7104,16
7257,7107,18
7257,7130,21
7257,7134,11
7257,7253,37
7257,7261,21
7257,7265,23
7257,7279,12
7257,7469,18
7258,7042,11
7258,7117,12
7258,7154,33
7260,7031,22
7261,7002,18
7261,7042,15
7261,7049,20
7261,7056,9
7261,7057,9
7261,7116,6
7261,7117,50
7261,7136,25
7262,7042,52
7262,7268,12
7264,7042,10
7264,7249,13
7264,7281,12
7265,7042,20
7265,7257,23
7265,7272,20
7266,7253,9
7268,7262,12
7272,7008,20
7272,7265,20
7274,7141,29
7274,7149,91
7274,7284,60
7277,7019,12
7278,7152,40
7278,7208,17
7278,7286,15
7278,7291,21
7279,7257,12
7279,7283,23
7281,7141,15
7281,7246,12
7281,7264,12
7282,7137,4
7282,7214,38
7282,7284,24
7283,7279,23
7283,7283,63
7284,7101,17
7284,7209,33
7284,7274,60
7284,7282,24
7286,7117,23
7286,7213,13
7286,7278,15
7286,7290,23
7288,7246,22
7290,7286,23
7291,7112,41
7291,7278,21
7292,7134,13
7293,7112,27
7293,7128,27
7293,7155,10
7293,7293,20
7294,7092,9
7294,7208,18
7295,7235,18
7299,7364,32
7303,7326,21
7303,7466,24
7312,7477,43
7314,7316,8
7314,7355,38
7314,7389,63
7316,7314,8
7319,7110,13
7322,7374,15
7325,7372,41
7326,7237,36
7326,7303,21
7326,7372,36
7327,7333,21
7329,7372,41
7333,7327,21
7353,7479,15
7355,7314,38
7355,7389,13
7355,7402,17
7359,7362,74
7360,7362,5
7361,7421,18
7362,7359,74
7362,7360,5
7362,7362,13
7364,7299,32
7367,7376,67
7368,7421,18
7372,7325,41
7372,7326,36
7372,7329,41
7376,7367,67
7378,7379,23
7379,7378,23
7381,7385,16
7385,7381,16
7389,7314,63
7389,7355,13
7401,8960,20
7402,7355,17
7403,7399,16
7406,7403,16
7421,7361,18
7421,7368,18
7448,7517,59
7448,7524,43
7451,7246,14
7459,8353,58
7460,7550,33
7462,7568,13
7465,7230,19
7466,7303,24
7469,7257,18
7477,7312,43
7512,7448,43
7512,7513,43
7513,7512,43
7513,7513,86
7513,7514,86
7514,7512,43
7514,7513,43
7514,7514,86
7517,7517,43
7517,7523,43
7523,7448,59
7523,7513,43
7523,7524,27
7524,7517,43
7524,7523,27
7528,7531,41
7531,7528,41
7537,9061,19
7543,7142,22
7547,7548,131
7547,7549,14
7547,7564,29
7548,7547,156
7548,7548,66
7548,8325,15
7549,7548,14
7549,7549,14
7550,7460,33
7555,7555,131
7560,7097,18
7560,7560,18
7561,9061,25
7564,7547,29
7568,7462,13
8005,8012,32
8012,8005,32
8014,8103,10
8024,8029,9
8025,8035,18
8025,8128,11
8028,8033,15
8028,8128,15
8029,8024,9
8029,8126,27
8031,8051,10
8032,8118,21
8033,8028,15
8035,8025,18
8035,8103,23
8037,8084,33
8038,8042,41
8041,8128,15
8042,8038,41
8043,8319,38
8046,8109,27
8046,8118,14
8049,8057,19
8049,8059,18
8049,8111,19
8049,8113,21
8049,8117,32
8049,8121,55
8049,8128,55
8049,8175,18
8050,8057,23
8051,8031,10
8051,8056,16
8051,8057,85
8051,8121,54
8055,8065,11
8056,8073,27
8056,8085,15
8056,8102,36
8056,8105,18
8056,8118,16
8057,7256,18
8057,8049,19
8057,8050,23
8057,8051,85
8057,8066,6
8057,8069,27
8057,8075,23
8057,8078,20
8057,8081,24
8057,8082,94
8057,8083,10
8057,8085,31
8057,8093,35
8057,8095,51
8057,8097,61
8057,8104,47
8057,8109,6
8057,8117,43
8057,8123,44
8057,8130,13
8057,8152,53
8057,8159,9
8057,8161,16
8057,8167,19
8059,8049,18
8062,8046,27
8063,8083,28
8065,8055,11
8066,8057,6
8066,8066,19
8069,8057,27
8069,8069,31
8069,8073,34
8071,8107,45
8073,8056,27
8073,8069,34
8075,8057,23
8077,8092,12
8078,8057,20
8079,8057,15
8079,8082,19
8079,8084,19
8081,8057,54
8082,8057,48
8082,8079,34
8082,8081,31
8082,8082,16
8082,8084,18
8082,8085,16
8082,8091,11
8082,8104,12
8083,8057,10
8083,8063,28
8083,8111,45
8084,8037,33
8084,8079,19
8084,8082,18
8084,8093,26
8085,8056,15
8085,8057,15
8085,8082,16
8086,8092,11
8091,8082,11
8092,8077,12
8092,8086,11
8092,8095,11
8093,8057,35
8093,8084,26
8094,8104,6
8095,8057,32
8095,8092,11
8095,8112,20
8095,8126,32
8097,8057,61
8098,8117,16
8099,8100,45
8100,8099,45
8102,8056,36
8102,8107,36
8103,8014,10
8103,8035,23
8103,8057,7
8104,8057,47
8104,8082,12
8104,8094,6
8104,8307,12
8104,8351,12
8105,8056,18
8105,8111,44
8105,8129,100
8105,8159,9
8107,8071,45
8107,8102,36
8107,8128,15
8107,8148,69
8109,8057,6
8109,8062,27
8110,8125,9
8111,8083,45
8111,8105,44
8111,8113,44
8111,8125,44
8111,8157,10
8112,8057,20
8113,8049,21
8113,8125,44
8117,8057,85
8117,8098,16
8117,8128,15
8118,8046,14
8118,8047,21
8118,8051,16
8118,8123,15
8118,8128,87
8118,8130,32
8121,8049,55
8121,8051,54
8121,8128,15
8121,8129,8
8121,8130,87
8122,8191,28
8123,8057,44
8123,8105,34
8123,8118,15
8125,8110,9
8125,8111,88
8125,8128,44
8125,8135,9
8125,8162,17
8125,8319,44
8126,8029,27
8126,8095,32
8126,8118,32
8126,8152,41
8126,8173,39
8126,8330,10
8127,8191,34
8128,8025,11
8128,8028,15
8128,8041,15
8128,8049,55
8128,8107,15
8128,8117,15
8128,8118,87
8128,8121,15
8128,8125,44
8129,8105,100
8129,8121,8
8130,8057,13
8130,8121,87
8130,8126,32
8130,8148,27
8130,8181,24
8130,8190,112
8135,8125,9
8146,8149,52
8148,8107,69
8148,8130,27
8149,8146,52
8152,8057,53
8152,8126,41
8157,8111,10
8157,8162,34
8159,8057,9
8159,8105,9
8161,8057,16
8162,8125,17
8162,8157,34
8166,8171,19
8167,8057,19
8171,8166,19
8173,8126,39
8173,8172,24
8173,8190,24
8175,8188,18
8188,8049,18
8190,8130,112
8190,8173,24
8191,8127,34
8307,8104,12
8319,8043,38
8319,8125,44
8325,7548,15
8330,8126,10
8344,4045,18
8344,8344,29
8344,8351,34
8344,8357,13
8351,8104,12
8351,8344,34
8351,8351,102
8351,8353,12
8352,8354,20
8353,7459,58
8353,8351,12
8354,8352,20
8357,8344,13
8380,3102,21
8402,8415,25
8403,3107,19
8403,8417,9
8412,8415,9
8415,8402,16
8415,8412,9
8417,8403,9
8501,8501,78
8501,8505,42
8501,8506,20
8501,8518,19
8501,8525,23
8501,8528,23
8501,8529,78
8505,8501,25
8505,8506,45
8505,8509,65
8505,8510,45
8505,8511,45
8505,8516,16
8506,8501,20
8506,8505,45
8507,8507,47
8508,8509,21
8508,8514,43
8508,8515,43
8508,8521,10
8509,8505,65
8509,8508,21
8509,8511,19
8510,8505,45
8511,8505,45
8511,8509,19
8512,8514,15
8514,8508,43
8514,8512,15
8515,8516,16
8516,8501,36
8516,8515,16
8518,8516,19
8518,8562,12
8522,8522,34
8523,8523,52
8523,8524,92
8524,8523,92
8524,8528,23
8525,8501,23
8525,8525,58
8528,8501,23
8528,8524,23
8528,8529,78
8529,8501,78
8529,8528,78
8529,8529,78
8530,8531,27
8531,8530,27
8554,8554,38
8554,8619,14
8555,2603,49
8557,8557,25
8562,8518,12
8562,8562,102
8562,8620,77
8564,2774,26
8564,8564,28
8565,8635,27
8567,8567,199
8567,8568,90
8567,8605,13
8567,8608,35
8567,9053,18
8568,8567,90
8568,8568,160
8568,8608,14
8569,8569,46
8570,8570,30
8570,8611,20
8570,8613,11
8571,8601,83
8572,8604,14
8572,8613,14
8574,8574,22
8575,8576,30
8575,8661,13
8576,8575,30
8576,8577,22
8576,8578,9
8577,8576,31
8578,8577,9
8589,8589,41
8595,8595,191
8595,8621,36
8601,8571,83
8604,8572,14
8604,8604,55
8605,8567,28
8605,8605,58
8607,8607,21
8608,8567,20
8608,8568,14
8608,8605,15
8610,8610,22
8611,8570,20
8613,8570,11
8613,8572,14
8613,8614,11
8614,8613,11
8616,8558,20
8618,8618,60
8619,8554,14
8620,8562,77
8621,8595,36
8635,8565,27
8647,8647,268
8653,8657,16
8653,8683,13
8656,8657,10
8657,8653,16
8657,8684,10
8658,8658,64
8661,8575,13
8662,8662,45
8663,3199,8
8664,8664,134
8665,8665,61
8667,8667,124
8681,8681,15
8681,8682,4
8681,8683,33
8681,8685,46
8682,8681,50
8682,8682,18
8682,8684,23
8682,8685,14
8683,8653,13
8683,8681,33
8683,8683,339
8684,8656,10
8684,8682,23
8684,8684,106
8685,8682,61
8708,8708,46
8709,8709,70
8710,8712,46
8711,8711,139
8711,8714,21
8712,8710,46
8713,8713,76
8714,8711,21
8714,8714,217
8715,8817,24
8801,8804,38
8801,8807,94
8801,8809,12
8801,8811,9
8802,8807,14
8802,8812,56
8803,8817,9
8804,8801,38
8804,8804,77
8804,8807,30
8804,8808,72
8804,8811,50
8804,8812,114
8806,8810,106
8806,8811,19
8806,8818,20
8807,8801,94
8807,8802,14
8807,8804,30
8807,8808,27
8807,8812,66
8807,8813,118
8808,8804,72
8808,8807,27
8808,8811,18
8808,8812,29
8808,8813,144
8808,8818,21
8808,8851,44
8808,8854,34
8809,8801,12
8809,8810,32
8809,8812,71
8809,8818,19
8810,8808,106
8810,8809,32
8810,8810,23
8810,8811,23
8810,8820,25
8810,8822,35
8811,8801,9
8811,8804,50
8811,8806,19
8811,8808,18
8811,8810,23
8811,8812,97
8811,8816,9
8811,8817,19
8811,8818,146
8811,8820,12
8811,8821,48
8811,8852,12
8812,8802,56
8812,8804,107
8812,8806,106
8812,8807,55
8812,8808,29
8812,8809,71
8812,8811,183
8812,8812,572
8812,8813,56
8812,8814,9
8812,8815,13
8812,8817,143
8812,8818,101
8812,8822,38
8812,8854,15
8813,8807,11
8813,8808,38
8813,8811,9
8813,8812,209
8813,8813,35
8813,8818,25
8814,8818,9
8815,8812,13
8815,8820,21
8816,8812,48
8816,8818,13
8816,8820,9
8816,8821,29
8816,8822,27
8817,8715,24
8817,8803,9
8817,8812,162
8817,8818,117
8817,8821,102
8818,8806,20
8818,8809,19
8818,8811,127
8818,8812,82
8818,8813,25
8818,8816,13
8818,8817,117
8818,8818,67
8818,8822,22
8819,8822,15
8820,8811,12
8820,8815,21
8820,8820,44
8820,8821,25
8820,8855,9
8821,8816,77
8821,8817,102
8821,8821,28
8822,8810,35
8822,8812,38
8822,8816,27
8822,8818,22
8822,8819,15
8822,8821,28
8822,8851,18
8851,8808,44
8851,8822,18
8852,8811,12
8854,8808,34
8854,8812,15
8854,8854,8
8855,8813,9
8901,8905,7
8902,8915,19
8905,8901,7
8905,8916,7
8905,8930,26
8905,8932,5
8905,8935,30
8906,8935,21
8909,8925,28
8909,8947,12
8910,8932,9
8911,8924,14
8911,8928,28
8911,8949,8
8912,8911,14
8912,8924,34
8915,8902,19
8916,8905,7
8916,8928,26
8917,8950,7
8919,8936,62
8920,8932,23
8921,8924,10
8921,8939,9
8924,8912,48
8924,8921,10
8924,8930,14
8924,8934,34
8925,8909,28
8927,8950,35
8928,8911,28
8928,8916,26
8929,8930,26
8930,8905,26
8930,8924,14
8930,8929,26
8930,8931,17
8931,8937,17
8932,8905,5
8932,8910,9
8932,8920,23
8934,8924,34
8934,8935,21
8935,8905,30
8935,8906,21
8935,8934,21
8935,8950,25
8936,8919,62
8936,8937,9
8937,8930,17
8937,8936,9
8939,8921,9
8947,8909,12
8949,8910,54
8949,8911,8
8950,5072,21
8950,8917,7
8950,8927,35
8950,8935,25
8950,8950,43
8950,8954,9
8951,8960,22
8954,8950,9
8956,66,10
8960,7393,10
8960,7401,10
8960,8951,22
9053,8567,18
9053,9053,34
9061,7561,25
9998,9998,99
